-- phpMyAdmin SQL Dump
-- version 4.6.6deb5
-- https://www.phpmyadmin.net/
--
-- Host: localhost:3306
-- Generation Time: Aug 16, 2018 at 04:58 PM
-- Server version: 5.7.22-0ubuntu0.17.10.1
-- PHP Version: 7.2.7-1+ubuntu17.10.1+deb.sury.org+1

SET SQL_MODE = "NO_AUTO_VALUE_ON_ZERO";
SET time_zone = "+00:00";


/*!40101 SET @OLD_CHARACTER_SET_CLIENT=@@CHARACTER_SET_CLIENT */;
/*!40101 SET @OLD_CHARACTER_SET_RESULTS=@@CHARACTER_SET_RESULTS */;
/*!40101 SET @OLD_COLLATION_CONNECTION=@@COLLATION_CONNECTION */;
/*!40101 SET NAMES utf8mb4 */;

--
-- Database: `test`
--

-- --------------------------------------------------------

--
-- Table structure for table `api_settings`
--

CREATE TABLE `api_settings` (
  `id` int(10) UNSIGNED NOT NULL,
  `key` varchar(255) COLLATE utf8_unicode_ci NOT NULL,
  `value` varchar(255) COLLATE utf8_unicode_ci NOT NULL,
  `created_at` timestamp NULL DEFAULT NULL,
  `updated_at` timestamp NULL DEFAULT NULL
) ENGINE=InnoDB DEFAULT CHARSET=utf8 COLLATE=utf8_unicode_ci;

-- --------------------------------------------------------

--
-- Table structure for table `banlist`
--

CREATE TABLE `banlist` (
  `id` int(10) UNSIGNED NOT NULL,
  `ban_status` tinyint(1) NOT NULL,
  `email_address` varchar(255) COLLATE utf8_unicode_ci NOT NULL,
  `internal_notes` varchar(255) COLLATE utf8_unicode_ci NOT NULL,
  `created_at` timestamp NULL DEFAULT NULL,
  `updated_at` timestamp NULL DEFAULT NULL
) ENGINE=InnoDB DEFAULT CHARSET=utf8 COLLATE=utf8_unicode_ci;

-- --------------------------------------------------------

--
-- Table structure for table `bar_notifications`
--

CREATE TABLE `bar_notifications` (
  `id` int(10) UNSIGNED NOT NULL,
  `key` varchar(255) COLLATE utf8_unicode_ci NOT NULL,
  `value` varchar(255) COLLATE utf8_unicode_ci NOT NULL,
  `created_at` timestamp NULL DEFAULT NULL,
  `updated_at` timestamp NULL DEFAULT NULL
) ENGINE=InnoDB DEFAULT CHARSET=utf8 COLLATE=utf8_unicode_ci;

--
-- Dumping data for table `bar_notifications`
--

INSERT INTO `bar_notifications` (`id`, `key`, `value`, `created_at`, `updated_at`) VALUES
(2, 'new-version', '', '2018-08-16 05:58:15', '2018-08-16 05:58:15');

-- --------------------------------------------------------

--
-- Table structure for table `canned_response`
--

CREATE TABLE `canned_response` (
  `id` int(10) UNSIGNED NOT NULL,
  `user_id` int(10) UNSIGNED NOT NULL,
  `title` varchar(255) COLLATE utf8_unicode_ci NOT NULL,
  `message` text COLLATE utf8_unicode_ci NOT NULL,
  `created_at` timestamp NULL DEFAULT NULL,
  `updated_at` timestamp NULL DEFAULT NULL
) ENGINE=InnoDB DEFAULT CHARSET=utf8 COLLATE=utf8_unicode_ci;

-- --------------------------------------------------------

--
-- Table structure for table `common_settings`
--

CREATE TABLE `common_settings` (
  `id` int(10) UNSIGNED NOT NULL,
  `option_name` varchar(255) COLLATE utf8_unicode_ci NOT NULL,
  `option_value` varchar(255) COLLATE utf8_unicode_ci NOT NULL,
  `status` varchar(255) COLLATE utf8_unicode_ci NOT NULL,
  `optional_field` varchar(255) COLLATE utf8_unicode_ci NOT NULL,
  `created_at` timestamp NULL DEFAULT NULL,
  `updated_at` timestamp NULL DEFAULT NULL
) ENGINE=InnoDB DEFAULT CHARSET=utf8 COLLATE=utf8_unicode_ci;

--
-- Dumping data for table `common_settings`
--

INSERT INTO `common_settings` (`id`, `option_name`, `option_value`, `status`, `optional_field`, `created_at`, `updated_at`) VALUES
(1, 'itil', '', '0', '', NULL, NULL),
(2, 'ticket_token_time_duration', '1', '', '', '2016-12-13 03:19:52', '2016-12-13 03:19:52'),
(3, 'enable_rtl', '', '', '', '2016-12-13 03:19:52', '2016-12-13 03:19:52'),
(4, 'user_set_ticket_status', '', '1', '', '2016-12-13 03:19:52', '2016-12-13 03:19:52'),
(5, 'send_otp', '', '0', '', '2016-12-13 03:19:52', '2016-12-13 03:19:52'),
(6, 'email_mandatory', '', '1', '', '2016-12-13 03:19:52', '2016-12-13 03:19:52'),
(7, 'user_priority', '', '0', '', '2016-12-13 03:19:52', '2016-12-13 03:19:52'),
(8, 'dummy_data_installation', '', '1', '', NULL, NULL);

-- --------------------------------------------------------

--
-- Table structure for table `conditions`
--

CREATE TABLE `conditions` (
  `id` int(10) UNSIGNED NOT NULL,
  `job` varchar(255) COLLATE utf8_unicode_ci NOT NULL,
  `value` varchar(255) COLLATE utf8_unicode_ci NOT NULL,
  `created_at` timestamp NULL DEFAULT NULL,
  `updated_at` timestamp NULL DEFAULT NULL
) ENGINE=InnoDB DEFAULT CHARSET=utf8 COLLATE=utf8_unicode_ci;

-- --------------------------------------------------------

--
-- Table structure for table `country_code`
--

CREATE TABLE `country_code` (
  `id` int(10) UNSIGNED NOT NULL,
  `iso` char(2) COLLATE utf8_unicode_ci NOT NULL,
  `name` varchar(100) COLLATE utf8_unicode_ci NOT NULL,
  `nicename` varchar(100) COLLATE utf8_unicode_ci NOT NULL,
  `iso3` char(3) COLLATE utf8_unicode_ci NOT NULL,
  `numcode` smallint(6) NOT NULL,
  `phonecode` int(11) NOT NULL,
  `created_at` timestamp NULL DEFAULT NULL,
  `updated_at` timestamp NULL DEFAULT NULL
) ENGINE=InnoDB DEFAULT CHARSET=utf8 COLLATE=utf8_unicode_ci;

--
-- Dumping data for table `country_code`
--

INSERT INTO `country_code` (`id`, `iso`, `name`, `nicename`, `iso3`, `numcode`, `phonecode`, `created_at`, `updated_at`) VALUES
(1, 'AF', 'AFGHANISTAN', 'Afghanistan', 'AFG', 4, 93, '2016-12-13 03:19:33', '2016-12-13 03:19:33'),
(2, 'AL', 'ALBANIA', 'Albania', 'ALB', 8, 355, '2016-12-13 03:19:33', '2016-12-13 03:19:33'),
(3, 'DZ', 'ALGERIA', 'Algeria', 'DZA', 12, 213, '2016-12-13 03:19:33', '2016-12-13 03:19:33'),
(4, 'AS', 'AMERICAN SAMOA', 'American Samoa', 'ASM', 16, 1684, '2016-12-13 03:19:33', '2016-12-13 03:19:33'),
(5, 'AD', 'ANDORRA', 'Andorra', 'AND', 20, 376, '2016-12-13 03:19:33', '2016-12-13 03:19:33'),
(6, 'AO', 'ANGOLA', 'Angola', 'AGO', 24, 244, '2016-12-13 03:19:33', '2016-12-13 03:19:33'),
(7, 'AI', 'ANGUILLA', 'Anguilla', 'AIA', 660, 1264, '2016-12-13 03:19:33', '2016-12-13 03:19:33'),
(8, 'AQ', 'ANTARCTICA', 'Antarctica', 'NUL', 0, 0, '2016-12-13 03:19:33', '2016-12-13 03:19:33'),
(9, 'AG', 'ANTIGUA AND BARBUDA', 'Antigua and Barbuda', 'ATG', 28, 1268, '2016-12-13 03:19:34', '2016-12-13 03:19:34'),
(10, 'AR', 'ARGENTINA', 'Argentina', 'ARG', 32, 54, '2016-12-13 03:19:34', '2016-12-13 03:19:34'),
(11, 'AM', 'ARMENIA', 'Armenia', 'ARM', 51, 374, '2016-12-13 03:19:34', '2016-12-13 03:19:34'),
(12, 'AW', 'ARUBA', 'Aruba', 'ABW', 533, 297, '2016-12-13 03:19:34', '2016-12-13 03:19:34'),
(13, 'AU', 'AUSTRALIA', 'Australia', 'AUS', 36, 61, '2016-12-13 03:19:34', '2016-12-13 03:19:34'),
(14, 'AT', 'AUSTRIA', 'Austria', 'AUT', 40, 43, '2016-12-13 03:19:34', '2016-12-13 03:19:34'),
(15, 'AZ', 'AZERBAIJAN', 'Azerbaijan', 'AZE', 31, 994, '2016-12-13 03:19:34', '2016-12-13 03:19:34'),
(16, 'BS', 'BAHAMAS', 'Bahamas', 'BHS', 44, 1242, '2016-12-13 03:19:34', '2016-12-13 03:19:34'),
(17, 'BH', 'BAHRAIN', 'Bahrain', 'BHR', 48, 973, '2016-12-13 03:19:34', '2016-12-13 03:19:34'),
(18, 'BD', 'BANGLADESH', 'Bangladesh', 'BGD', 50, 880, '2016-12-13 03:19:34', '2016-12-13 03:19:34'),
(19, 'BB', 'BARBADOS', 'Barbados', 'BRB', 52, 1246, '2016-12-13 03:19:34', '2016-12-13 03:19:34'),
(20, 'BY', 'BELARUS', 'Belarus', 'BLR', 112, 375, '2016-12-13 03:19:34', '2016-12-13 03:19:34'),
(21, 'BE', 'BELGIUM', 'Belgium', 'BEL', 56, 32, '2016-12-13 03:19:34', '2016-12-13 03:19:34'),
(22, 'BZ', 'BELIZE', 'Belize', 'BLZ', 84, 501, '2016-12-13 03:19:34', '2016-12-13 03:19:34'),
(23, 'BJ', 'BENIN', 'Benin', 'BEN', 204, 229, '2016-12-13 03:19:34', '2016-12-13 03:19:34'),
(24, 'BM', 'BERMUDA', 'Bermuda', 'BMU', 60, 1441, '2016-12-13 03:19:35', '2016-12-13 03:19:35'),
(25, 'BT', 'BHUTAN', 'Bhutan', 'BTN', 64, 975, '2016-12-13 03:19:35', '2016-12-13 03:19:35'),
(26, 'BO', 'BOLIVIA', 'Bolivia', 'BOL', 68, 591, '2016-12-13 03:19:35', '2016-12-13 03:19:35'),
(27, 'BA', 'BOSNIA AND HERZEGOVINA', 'Bosnia and Herzegovina', 'BIH', 70, 387, '2016-12-13 03:19:35', '2016-12-13 03:19:35'),
(28, 'BW', 'BOTSWANA', 'Botswana', 'BWA', 72, 267, '2016-12-13 03:19:35', '2016-12-13 03:19:35'),
(29, 'BV', 'BOUVET ISLAND', 'Bouvet Island', 'NUL', 0, 0, '2016-12-13 03:19:35', '2016-12-13 03:19:35'),
(30, 'BR', 'BRAZIL', 'Brazil', 'BRA', 76, 55, '2016-12-13 03:19:35', '2016-12-13 03:19:35'),
(31, 'IO', 'BRITISH INDIAN OCEAN TERRITORY', 'British Indian Ocean Territory', 'NUL', 0, 246, '2016-12-13 03:19:35', '2016-12-13 03:19:35'),
(32, 'BN', 'BRUNEI DARUSSALAM', 'Brunei Darussalam', 'BRN', 96, 673, '2016-12-13 03:19:35', '2016-12-13 03:19:35'),
(33, 'BG', 'BULGARIA', 'Bulgaria', 'BGR', 100, 359, '2016-12-13 03:19:35', '2016-12-13 03:19:35'),
(34, 'BF', 'BURKINA FASO', 'Burkina Faso', 'BFA', 854, 226, '2016-12-13 03:19:35', '2016-12-13 03:19:35'),
(35, 'BI', 'BURUNDI', 'Burundi', 'BDI', 108, 257, '2016-12-13 03:19:35', '2016-12-13 03:19:35'),
(36, 'KH', 'CAMBODIA', 'Cambodia', 'KHM', 116, 855, '2016-12-13 03:19:35', '2016-12-13 03:19:35'),
(37, 'CM', 'CAMEROON', 'Cameroon', 'CMR', 120, 237, '2016-12-13 03:19:35', '2016-12-13 03:19:35'),
(38, 'CA', 'CANADA', 'Canada', 'CAN', 124, 1, '2016-12-13 03:19:35', '2016-12-13 03:19:35'),
(39, 'CV', 'CAPE VERDE', 'Cape Verde', 'CPV', 132, 238, '2016-12-13 03:19:35', '2016-12-13 03:19:35'),
(40, 'KY', 'CAYMAN ISLANDS', 'Cayman Islands', 'CYM', 136, 1345, '2016-12-13 03:19:35', '2016-12-13 03:19:35'),
(41, 'CF', 'CENTRAL AFRICAN REPUBLIC', 'Central African Republic', 'CAF', 140, 236, '2016-12-13 03:19:36', '2016-12-13 03:19:36'),
(42, 'TD', 'CHAD', 'Chad', 'TCD', 148, 235, '2016-12-13 03:19:36', '2016-12-13 03:19:36'),
(43, 'CL', 'CHILE', 'Chile', 'CHL', 152, 56, '2016-12-13 03:19:36', '2016-12-13 03:19:36'),
(44, 'CN', 'CHINA', 'China', 'CHN', 156, 86, '2016-12-13 03:19:36', '2016-12-13 03:19:36'),
(45, 'CX', 'CHRISTMAS ISLAND', 'Christmas Island', 'NUL', 0, 61, '2016-12-13 03:19:36', '2016-12-13 03:19:36'),
(46, 'CC', 'COCOS (KEELING) ISLANDS', 'Cocos (Keeling) Islands', 'NUL', 0, 672, '2016-12-13 03:19:36', '2016-12-13 03:19:36'),
(47, 'CO', 'COLOMBIA', 'Colombia', 'COL', 170, 57, '2016-12-13 03:19:36', '2016-12-13 03:19:36'),
(48, 'KM', 'COMOROS', 'Comoros', 'COM', 174, 269, '2016-12-13 03:19:36', '2016-12-13 03:19:36'),
(49, 'CG', 'CONGO', 'Congo', 'COG', 178, 242, '2016-12-13 03:19:36', '2016-12-13 03:19:36'),
(50, 'CD', 'CONGO, THE DEMOCRATIC REPUBLIC OF THE', 'Congo, the Democratic Republic of the', 'COD', 180, 242, '2016-12-13 03:19:36', '2016-12-13 03:19:36'),
(51, 'CK', 'COOK ISLANDS', 'Cook Islands', 'COK', 184, 682, '2016-12-13 03:19:36', '2016-12-13 03:19:36'),
(52, 'CR', 'COSTA RICA', 'Costa Rica', 'CRI', 188, 506, '2016-12-13 03:19:36', '2016-12-13 03:19:36'),
(53, 'CI', 'COTE DIVOIRE', 'Cote DIvoire', 'CIV', 384, 225, '2016-12-13 03:19:36', '2016-12-13 03:19:36'),
(54, 'HR', 'CROATIA', 'Croatia', 'HRV', 191, 385, '2016-12-13 03:19:36', '2016-12-13 03:19:36'),
(55, 'CU', 'CUBA', 'Cuba', 'CUB', 192, 53, '2016-12-13 03:19:36', '2016-12-13 03:19:36'),
(56, 'CY', 'CYPRUS', 'Cyprus', 'CYP', 196, 357, '2016-12-13 03:19:36', '2016-12-13 03:19:36'),
(57, 'CZ', 'CZECH REPUBLIC', 'Czech Republic', 'CZE', 203, 420, '2016-12-13 03:19:36', '2016-12-13 03:19:36'),
(58, 'DK', 'DENMARK', 'Denmark', 'DNK', 208, 45, '2016-12-13 03:19:37', '2016-12-13 03:19:37'),
(59, 'DJ', 'DJIBOUTI', 'Djibouti', 'DJI', 262, 253, '2016-12-13 03:19:37', '2016-12-13 03:19:37'),
(60, 'DM', 'DOMINICA', 'Dominica', 'DMA', 212, 1767, '2016-12-13 03:19:37', '2016-12-13 03:19:37'),
(61, 'DO', 'DOMINICAN REPUBLIC', 'Dominican Republic', 'DOM', 214, 1809, '2016-12-13 03:19:37', '2016-12-13 03:19:37'),
(62, 'EC', 'ECUADOR', 'Ecuador', 'ECU', 218, 593, '2016-12-13 03:19:37', '2016-12-13 03:19:37'),
(63, 'EG', 'EGYPT', 'Egypt', 'EGY', 818, 20, '2016-12-13 03:19:37', '2016-12-13 03:19:37'),
(64, 'SV', 'EL SALVADOR', 'El Salvador', 'SLV', 222, 503, '2016-12-13 03:19:37', '2016-12-13 03:19:37'),
(65, 'GQ', 'EQUATORIAL GUINEA', 'Equatorial Guinea', 'GNQ', 226, 240, '2016-12-13 03:19:37', '2016-12-13 03:19:37'),
(66, 'ER', 'ERITREA', 'Eritrea', 'ERI', 232, 291, '2016-12-13 03:19:37', '2016-12-13 03:19:37'),
(67, 'EE', 'ESTONIA', 'Estonia', 'EST', 233, 372, '2016-12-13 03:19:37', '2016-12-13 03:19:37'),
(68, 'ET', 'ETHIOPIA', 'Ethiopia', 'ETH', 231, 251, '2016-12-13 03:19:37', '2016-12-13 03:19:37'),
(69, 'FK', 'FALKLAND ISLANDS (MALVINAS)', 'Falkland Islands (Malvinas)', 'FLK', 238, 500, '2016-12-13 03:19:37', '2016-12-13 03:19:37'),
(70, 'FO', 'FAROE ISLANDS', 'Faroe Islands', 'FRO', 234, 298, '2016-12-13 03:19:37', '2016-12-13 03:19:37'),
(71, 'FJ', 'FIJI', 'Fiji', 'FJI', 242, 679, '2016-12-13 03:19:37', '2016-12-13 03:19:37'),
(72, 'FI', 'FINLAND', 'Finland', 'FIN', 246, 358, '2016-12-13 03:19:37', '2016-12-13 03:19:37'),
(73, 'FR', 'FRANCE', 'France', 'FRA', 250, 33, '2016-12-13 03:19:37', '2016-12-13 03:19:37'),
(74, 'GF', 'FRENCH GUIANA', 'French Guiana', 'GUF', 254, 594, '2016-12-13 03:19:37', '2016-12-13 03:19:37'),
(75, 'PF', 'FRENCH POLYNESIA', 'French Polynesia', 'PYF', 258, 689, '2016-12-13 03:19:38', '2016-12-13 03:19:38'),
(76, 'TF', 'FRENCH SOUTHERN TERRITORIES', 'French Southern Territories', 'NUL', 0, 0, '2016-12-13 03:19:38', '2016-12-13 03:19:38'),
(77, 'GA', 'GABON', 'Gabon', 'GAB', 266, 241, '2016-12-13 03:19:38', '2016-12-13 03:19:38'),
(78, 'GM', 'GAMBIA', 'Gambia', 'GMB', 270, 220, '2016-12-13 03:19:38', '2016-12-13 03:19:38'),
(79, 'GE', 'GEORGIA', 'Georgia', 'GEO', 268, 995, '2016-12-13 03:19:38', '2016-12-13 03:19:38'),
(80, 'DE', 'GERMANY', 'Germany', 'DEU', 276, 49, '2016-12-13 03:19:38', '2016-12-13 03:19:38'),
(81, 'GH', 'GHANA', 'Ghana', 'GHA', 288, 233, '2016-12-13 03:19:38', '2016-12-13 03:19:38'),
(82, 'GI', 'GIBRALTAR', 'Gibraltar', 'GIB', 292, 350, '2016-12-13 03:19:38', '2016-12-13 03:19:38'),
(83, 'GR', 'GREECE', 'Greece', 'GRC', 300, 30, '2016-12-13 03:19:38', '2016-12-13 03:19:38'),
(84, 'GL', 'GREENLAND', 'Greenland', 'GRL', 304, 299, '2016-12-13 03:19:38', '2016-12-13 03:19:38'),
(85, 'GD', 'GRENADA', 'Grenada', 'GRD', 308, 1473, '2016-12-13 03:19:38', '2016-12-13 03:19:38'),
(86, 'GP', 'GUADELOUPE', 'Guadeloupe', 'GLP', 312, 590, '2016-12-13 03:19:38', '2016-12-13 03:19:38'),
(87, 'GU', 'GUAM', 'Guam', 'GUM', 316, 1671, '2016-12-13 03:19:38', '2016-12-13 03:19:38'),
(88, 'GT', 'GUATEMALA', 'Guatemala', 'GTM', 320, 502, '2016-12-13 03:19:38', '2016-12-13 03:19:38'),
(89, 'GN', 'GUINEA', 'Guinea', 'GIN', 324, 224, '2016-12-13 03:19:38', '2016-12-13 03:19:38'),
(90, 'GW', 'GUINEA-BISSAU', 'Guinea-Bissau', 'GNB', 624, 245, '2016-12-13 03:19:38', '2016-12-13 03:19:38'),
(91, 'GY', 'GUYANA', 'Guyana', 'GUY', 328, 592, '2016-12-13 03:19:38', '2016-12-13 03:19:38'),
(92, 'HT', 'HAITI', 'Haiti', 'HTI', 332, 509, '2016-12-13 03:19:39', '2016-12-13 03:19:39'),
(93, 'HM', 'HEARD ISLAND AND MCDONALD ISLANDS', 'Heard Island and Mcdonald Islands', 'NUL', 0, 0, '2016-12-13 03:19:39', '2016-12-13 03:19:39'),
(94, 'VA', 'HOLY SEE (VATICAN CITY STATE)', 'Holy See (Vatican City State)', 'VAT', 336, 39, '2016-12-13 03:19:39', '2016-12-13 03:19:39'),
(95, 'HN', 'HONDURAS', 'Honduras', 'HND', 340, 504, '2016-12-13 03:19:39', '2016-12-13 03:19:39'),
(96, 'HK', 'HONG KONG', 'Hong Kong', 'HKG', 344, 852, '2016-12-13 03:19:39', '2016-12-13 03:19:39'),
(97, 'HU', 'HUNGARY', 'Hungary', 'HUN', 348, 36, '2016-12-13 03:19:39', '2016-12-13 03:19:39'),
(98, 'IS', 'ICELAND', 'Iceland', 'ISL', 352, 354, '2016-12-13 03:19:39', '2016-12-13 03:19:39'),
(99, 'IN', 'INDIA', 'India', 'IND', 356, 91, '2016-12-13 03:19:39', '2016-12-13 03:19:39'),
(100, 'ID', 'INDONESIA', 'Indonesia', 'IDN', 360, 62, '2016-12-13 03:19:39', '2016-12-13 03:19:39'),
(101, 'IR', 'IRAN, ISLAMIC REPUBLIC OF', 'Iran, Islamic Republic of', 'IRN', 364, 98, '2016-12-13 03:19:39', '2016-12-13 03:19:39'),
(102, 'IQ', 'IRAQ', 'Iraq', 'IRQ', 368, 964, '2016-12-13 03:19:39', '2016-12-13 03:19:39'),
(103, 'IE', 'IRELAND', 'Ireland', 'IRL', 372, 353, '2016-12-13 03:19:39', '2016-12-13 03:19:39'),
(104, 'IL', 'ISRAEL', 'Israel', 'ISR', 376, 972, '2016-12-13 03:19:39', '2016-12-13 03:19:39'),
(105, 'IT', 'ITALY', 'Italy', 'ITA', 380, 39, '2016-12-13 03:19:39', '2016-12-13 03:19:39'),
(106, 'JM', 'JAMAICA', 'Jamaica', 'JAM', 388, 1876, '2016-12-13 03:19:39', '2016-12-13 03:19:39'),
(107, 'JP', 'JAPAN', 'Japan', 'JPN', 392, 81, '2016-12-13 03:19:39', '2016-12-13 03:19:39'),
(108, 'JO', 'JORDAN', 'Jordan', 'JOR', 400, 962, '2016-12-13 03:19:39', '2016-12-13 03:19:39'),
(109, 'KZ', 'KAZAKHSTAN', 'Kazakhstan', 'KAZ', 398, 7, '2016-12-13 03:19:39', '2016-12-13 03:19:39'),
(110, 'KE', 'KENYA', 'Kenya', 'KEN', 404, 254, '2016-12-13 03:19:40', '2016-12-13 03:19:40'),
(111, 'KI', 'KIRIBATI', 'Kiribati', 'KIR', 296, 686, '2016-12-13 03:19:40', '2016-12-13 03:19:40'),
(112, 'KP', 'KOREA, DEMOCRATIC PEOPLES REPUBLIC OF', 'Korea, Democratic Peoples Republic of', 'PRK', 408, 850, '2016-12-13 03:19:40', '2016-12-13 03:19:40'),
(113, 'KR', 'KOREA, REPUBLIC OF', 'Korea, Republic of', 'KOR', 410, 82, '2016-12-13 03:19:40', '2016-12-13 03:19:40'),
(114, 'KW', 'KUWAIT', 'Kuwait', 'KWT', 414, 965, '2016-12-13 03:19:40', '2016-12-13 03:19:40'),
(115, 'KG', 'KYRGYZSTAN', 'Kyrgyzstan', 'KGZ', 417, 996, '2016-12-13 03:19:40', '2016-12-13 03:19:40'),
(116, 'LA', 'LAO PEOPLES DEMOCRATIC REPUBLIC', 'Lao Peoples Democratic Republic', 'LAO', 418, 856, '2016-12-13 03:19:40', '2016-12-13 03:19:40'),
(117, 'LV', 'LATVIA', 'Latvia', 'LVA', 428, 371, '2016-12-13 03:19:40', '2016-12-13 03:19:40'),
(118, 'LB', 'LEBANON', 'Lebanon', 'LBN', 422, 961, '2016-12-13 03:19:40', '2016-12-13 03:19:40'),
(119, 'LS', 'LESOTHO', 'Lesotho', 'LSO', 426, 266, '2016-12-13 03:19:40', '2016-12-13 03:19:40'),
(120, 'LR', 'LIBERIA', 'Liberia', 'LBR', 430, 231, '2016-12-13 03:19:40', '2016-12-13 03:19:40'),
(121, 'LY', 'LIBYAN ARAB JAMAHIRIYA', 'Libyan Arab Jamahiriya', 'LBY', 434, 218, '2016-12-13 03:19:40', '2016-12-13 03:19:40'),
(122, 'LI', 'LIECHTENSTEIN', 'Liechtenstein', 'LIE', 438, 423, '2016-12-13 03:19:40', '2016-12-13 03:19:40'),
(123, 'LT', 'LITHUANIA', 'Lithuania', 'LTU', 440, 370, '2016-12-13 03:19:40', '2016-12-13 03:19:40'),
(124, 'LU', 'LUXEMBOURG', 'Luxembourg', 'LUX', 442, 352, '2016-12-13 03:19:40', '2016-12-13 03:19:40'),
(125, 'MO', 'MACAO', 'Macao', 'MAC', 446, 853, '2016-12-13 03:19:40', '2016-12-13 03:19:40'),
(126, 'MK', 'MACEDONIA, THE FORMER YUGOSLAV REPUBLIC OF', 'Macedonia, the Former Yugoslav Republic of', 'MKD', 807, 389, '2016-12-13 03:19:40', '2016-12-13 03:19:40'),
(127, 'MG', 'MADAGASCAR', 'Madagascar', 'MDG', 450, 261, '2016-12-13 03:19:41', '2016-12-13 03:19:41'),
(128, 'MW', 'MALAWI', 'Malawi', 'MWI', 454, 265, '2016-12-13 03:19:41', '2016-12-13 03:19:41'),
(129, 'MY', 'MALAYSIA', 'Malaysia', 'MYS', 458, 60, '2016-12-13 03:19:41', '2016-12-13 03:19:41'),
(130, 'MV', 'MALDIVES', 'Maldives', 'MDV', 462, 960, '2016-12-13 03:19:41', '2016-12-13 03:19:41'),
(131, 'ML', 'MALI', 'Mali', 'MLI', 466, 223, '2016-12-13 03:19:41', '2016-12-13 03:19:41'),
(132, 'MT', 'MALTA', 'Malta', 'MLT', 470, 356, '2016-12-13 03:19:41', '2016-12-13 03:19:41'),
(133, 'MH', 'MARSHALL ISLANDS', 'Marshall Islands', 'MHL', 584, 692, '2016-12-13 03:19:41', '2016-12-13 03:19:41'),
(134, 'MQ', 'MARTINIQUE', 'Martinique', 'MTQ', 474, 596, '2016-12-13 03:19:41', '2016-12-13 03:19:41'),
(135, 'MR', 'MAURITANIA', 'Mauritania', 'MRT', 478, 222, '2016-12-13 03:19:41', '2016-12-13 03:19:41'),
(136, 'MU', 'MAURITIUS', 'Mauritius', 'MUS', 480, 230, '2016-12-13 03:19:41', '2016-12-13 03:19:41'),
(137, 'YT', 'MAYOTTE', 'Mayotte', 'NUL', 0, 269, '2016-12-13 03:19:41', '2016-12-13 03:19:41'),
(138, 'MX', 'MEXICO', 'Mexico', 'MEX', 484, 52, '2016-12-13 03:19:41', '2016-12-13 03:19:41'),
(139, 'FM', 'MICRONESIA, FEDERATED STATES OF', 'Micronesia, Federated States of', 'FSM', 583, 691, '2016-12-13 03:19:41', '2016-12-13 03:19:41'),
(140, 'MD', 'MOLDOVA, REPUBLIC OF', 'Moldova, Republic of', 'MDA', 498, 373, '2016-12-13 03:19:41', '2016-12-13 03:19:41'),
(141, 'MC', 'MONACO', 'Monaco', 'MCO', 492, 377, '2016-12-13 03:19:41', '2016-12-13 03:19:41'),
(142, 'MN', 'MONGOLIA', 'Mongolia', 'MNG', 496, 976, '2016-12-13 03:19:41', '2016-12-13 03:19:41'),
(143, 'MS', 'MONTSERRAT', 'Montserrat', 'MSR', 500, 1664, '2016-12-13 03:19:41', '2016-12-13 03:19:41'),
(144, 'MA', 'MOROCCO', 'Morocco', 'MAR', 504, 212, '2016-12-13 03:19:42', '2016-12-13 03:19:42'),
(145, 'MZ', 'MOZAMBIQUE', 'Mozambique', 'MOZ', 508, 258, '2016-12-13 03:19:42', '2016-12-13 03:19:42'),
(146, 'MM', 'MYANMAR', 'Myanmar', 'MMR', 104, 95, '2016-12-13 03:19:42', '2016-12-13 03:19:42'),
(147, 'NA', 'NAMIBIA', 'Namibia', 'NAM', 516, 264, '2016-12-13 03:19:42', '2016-12-13 03:19:42'),
(148, 'NR', 'NAURU', 'Nauru', 'NRU', 520, 674, '2016-12-13 03:19:42', '2016-12-13 03:19:42'),
(149, 'NP', 'NEPAL', 'Nepal', 'NPL', 524, 977, '2016-12-13 03:19:42', '2016-12-13 03:19:42'),
(150, 'NL', 'NETHERLANDS', 'Netherlands', 'NLD', 528, 31, '2016-12-13 03:19:42', '2016-12-13 03:19:42'),
(151, 'AN', 'NETHERLANDS ANTILLES', 'Netherlands Antilles', 'ANT', 530, 599, '2016-12-13 03:19:42', '2016-12-13 03:19:42'),
(152, 'NC', 'NEW CALEDONIA', 'New Caledonia', 'NCL', 540, 687, '2016-12-13 03:19:42', '2016-12-13 03:19:42'),
(153, 'NZ', 'NEW ZEALAND', 'New Zealand', 'NZL', 554, 64, '2016-12-13 03:19:42', '2016-12-13 03:19:42'),
(154, 'NI', 'NICARAGUA', 'Nicaragua', 'NIC', 558, 505, '2016-12-13 03:19:42', '2016-12-13 03:19:42'),
(155, 'NE', 'NIGER', 'Niger', 'NER', 562, 227, '2016-12-13 03:19:42', '2016-12-13 03:19:42'),
(156, 'NG', 'NIGERIA', 'Nigeria', 'NGA', 566, 234, '2016-12-13 03:19:42', '2016-12-13 03:19:42'),
(157, 'NU', 'NIUE', 'Niue', 'NIU', 570, 683, '2016-12-13 03:19:42', '2016-12-13 03:19:42'),
(158, 'NF', 'NORFOLK ISLAND', 'Norfolk Island', 'NFK', 574, 672, '2016-12-13 03:19:42', '2016-12-13 03:19:42'),
(159, 'MP', 'NORTHERN MARIANA ISLANDS', 'Northern Mariana Islands', 'MNP', 580, 1670, '2016-12-13 03:19:42', '2016-12-13 03:19:42'),
(160, 'NO', 'NORWAY', 'Norway', 'NOR', 578, 47, '2016-12-13 03:19:42', '2016-12-13 03:19:42'),
(161, 'OM', 'OMAN', 'Oman', 'OMN', 512, 968, '2016-12-13 03:19:42', '2016-12-13 03:19:42'),
(162, 'PK', 'PAKISTAN', 'Pakistan', 'PAK', 586, 92, '2016-12-13 03:19:43', '2016-12-13 03:19:43'),
(163, 'PW', 'PALAU', 'Palau', 'PLW', 585, 680, '2016-12-13 03:19:43', '2016-12-13 03:19:43'),
(164, 'PS', 'PALESTINIAN TERRITORY, OCCUPIED', 'Palestinian Territory, Occupied', 'NUL', 0, 970, '2016-12-13 03:19:43', '2016-12-13 03:19:43'),
(165, 'PA', 'PANAMA', 'Panama', 'PAN', 591, 507, '2016-12-13 03:19:43', '2016-12-13 03:19:43'),
(166, 'PG', 'PAPUA NEW GUINEA', 'Papua New Guinea', 'PNG', 598, 675, '2016-12-13 03:19:43', '2016-12-13 03:19:43'),
(167, 'PY', 'PARAGUAY', 'Paraguay', 'PRY', 600, 595, '2016-12-13 03:19:43', '2016-12-13 03:19:43'),
(168, 'PE', 'PERU', 'Peru', 'PER', 604, 51, '2016-12-13 03:19:43', '2016-12-13 03:19:43'),
(169, 'PH', 'PHILIPPINES', 'Philippines', 'PHL', 608, 63, '2016-12-13 03:19:43', '2016-12-13 03:19:43'),
(170, 'PN', 'PITCAIRN', 'Pitcairn', 'PCN', 612, 0, '2016-12-13 03:19:43', '2016-12-13 03:19:43'),
(171, 'PL', 'POLAND', 'Poland', 'POL', 616, 48, '2016-12-13 03:19:43', '2016-12-13 03:19:43'),
(172, 'PT', 'PORTUGAL', 'Portugal', 'PRT', 620, 351, '2016-12-13 03:19:43', '2016-12-13 03:19:43'),
(173, 'PR', 'PUERTO RICO', 'Puerto Rico', 'PRI', 630, 1787, '2016-12-13 03:19:43', '2016-12-13 03:19:43'),
(174, 'QA', 'QATAR', 'Qatar', 'QAT', 634, 974, '2016-12-13 03:19:43', '2016-12-13 03:19:43'),
(175, 'RE', 'REUNION', 'Reunion', 'REU', 638, 262, '2016-12-13 03:19:43', '2016-12-13 03:19:43'),
(176, 'RO', 'ROMANIA', 'Romania', 'ROM', 642, 40, '2016-12-13 03:19:43', '2016-12-13 03:19:43'),
(177, 'RU', 'RUSSIAN FEDERATION', 'Russian Federation', 'RUS', 643, 70, '2016-12-13 03:19:43', '2016-12-13 03:19:43'),
(178, 'RW', 'RWANDA', 'Rwanda', 'RWA', 646, 250, '2016-12-13 03:19:44', '2016-12-13 03:19:44'),
(179, 'SH', 'SAINT HELENA', 'Saint Helena', 'SHN', 654, 290, '2016-12-13 03:19:44', '2016-12-13 03:19:44'),
(180, 'KN', 'SAINT KITTS AND NEVIS', 'Saint Kitts and Nevis', 'KNA', 659, 1869, '2016-12-13 03:19:44', '2016-12-13 03:19:44'),
(181, 'LC', 'SAINT LUCIA', 'Saint Lucia', 'LCA', 662, 1758, '2016-12-13 03:19:44', '2016-12-13 03:19:44'),
(182, 'PM', 'SAINT PIERRE AND MIQUELON', 'Saint Pierre and Miquelon', 'SPM', 666, 508, '2016-12-13 03:19:44', '2016-12-13 03:19:44'),
(183, 'VC', 'SAINT VINCENT AND THE GRENADINES', 'Saint Vincent and the Grenadines', 'VCT', 670, 1784, '2016-12-13 03:19:44', '2016-12-13 03:19:44'),
(184, 'WS', 'SAMOA', 'Samoa', 'WSM', 882, 684, '2016-12-13 03:19:44', '2016-12-13 03:19:44'),
(185, 'SM', 'SAN MARINO', 'San Marino', 'SMR', 674, 378, '2016-12-13 03:19:44', '2016-12-13 03:19:44'),
(186, 'ST', 'SAO TOME AND PRINCIPE', 'Sao Tome and Principe', 'STP', 678, 239, '2016-12-13 03:19:44', '2016-12-13 03:19:44'),
(187, 'SA', 'SAUDI ARABIA', 'Saudi Arabia', 'SAU', 682, 966, '2016-12-13 03:19:44', '2016-12-13 03:19:44'),
(188, 'SN', 'SENEGAL', 'Senegal', 'SEN', 686, 221, '2016-12-13 03:19:44', '2016-12-13 03:19:44'),
(189, 'CS', 'SERBIA AND MONTENEGRO', 'Serbia and Montenegro', 'NUL', 0, 381, '2016-12-13 03:19:44', '2016-12-13 03:19:44'),
(190, 'SC', 'SEYCHELLES', 'Seychelles', 'SYC', 690, 248, '2016-12-13 03:19:44', '2016-12-13 03:19:44'),
(191, 'SL', 'SIERRA LEONE', 'Sierra Leone', 'SLE', 694, 232, '2016-12-13 03:19:44', '2016-12-13 03:19:44'),
(192, 'SG', 'SINGAPORE', 'Singapore', 'SGP', 702, 65, '2016-12-13 03:19:44', '2016-12-13 03:19:44'),
(193, 'SK', 'SLOVAKIA', 'Slovakia', 'SVK', 703, 421, '2016-12-13 03:19:44', '2016-12-13 03:19:44'),
(194, 'SI', 'SLOVENIA', 'Slovenia', 'SVN', 705, 386, '2016-12-13 03:19:44', '2016-12-13 03:19:44'),
(195, 'SB', 'SOLOMON ISLANDS', 'Solomon Islands', 'SLB', 90, 677, '2016-12-13 03:19:45', '2016-12-13 03:19:45'),
(196, 'SO', 'SOMALIA', 'Somalia', 'SOM', 706, 252, '2016-12-13 03:19:45', '2016-12-13 03:19:45'),
(197, 'ZA', 'SOUTH AFRICA', 'South Africa', 'ZAF', 710, 27, '2016-12-13 03:19:45', '2016-12-13 03:19:45'),
(198, 'GS', 'SOUTH GEORGIA AND THE SOUTH SANDWICH ISLANDS', 'South Georgia and the South Sandwich Islands', 'NUL', 0, 0, '2016-12-13 03:19:45', '2016-12-13 03:19:45'),
(199, 'ES', 'SPAIN', 'Spain', 'ESP', 724, 34, '2016-12-13 03:19:45', '2016-12-13 03:19:45'),
(200, 'LK', 'SRI LANKA', 'Sri Lanka', 'LKA', 144, 94, '2016-12-13 03:19:45', '2016-12-13 03:19:45'),
(201, 'SD', 'SUDAN', 'Sudan', 'SDN', 736, 249, '2016-12-13 03:19:45', '2016-12-13 03:19:45'),
(202, 'SR', 'SURINAME', 'Suriname', 'SUR', 740, 597, '2016-12-13 03:19:45', '2016-12-13 03:19:45'),
(203, 'SJ', 'SVALBARD AND JAN MAYEN', 'Svalbard and Jan Mayen', 'SJM', 744, 47, '2016-12-13 03:19:45', '2016-12-13 03:19:45'),
(204, 'SZ', 'SWAZILAND', 'Swaziland', 'SWZ', 748, 268, '2016-12-13 03:19:45', '2016-12-13 03:19:45'),
(205, 'SE', 'SWEDEN', 'Sweden', 'SWE', 752, 46, '2016-12-13 03:19:45', '2016-12-13 03:19:45'),
(206, 'CH', 'SWITZERLAND', 'Switzerland', 'CHE', 756, 41, '2016-12-13 03:19:45', '2016-12-13 03:19:45'),
(207, 'SY', 'SYRIAN ARAB REPUBLIC', 'Syrian Arab Republic', 'SYR', 760, 963, '2016-12-13 03:19:45', '2016-12-13 03:19:45'),
(208, 'TW', 'TAIWAN, PROVINCE OF CHINA', 'Taiwan, Province of China', 'TWN', 158, 886, '2016-12-13 03:19:45', '2016-12-13 03:19:45'),
(209, 'TJ', 'TAJIKISTAN', 'Tajikistan', 'TJK', 762, 992, '2016-12-13 03:19:45', '2016-12-13 03:19:45'),
(210, 'TZ', 'TANZANIA, UNITED REPUBLIC OF', 'Tanzania, United Republic of', 'TZA', 834, 255, '2016-12-13 03:19:45', '2016-12-13 03:19:45'),
(211, 'TH', 'THAILAND', 'Thailand', 'THA', 764, 66, '2016-12-13 03:19:45', '2016-12-13 03:19:45'),
(212, 'TL', 'TIMOR-LESTE', 'Timor-Leste', 'NUL', 0, 670, '2016-12-13 03:19:45', '2016-12-13 03:19:45'),
(213, 'TG', 'TOGO', 'Togo', 'TGO', 768, 228, '2016-12-13 03:19:45', '2016-12-13 03:19:45'),
(214, 'TK', 'TOKELAU', 'Tokelau', 'TKL', 772, 690, '2016-12-13 03:19:46', '2016-12-13 03:19:46'),
(215, 'TO', 'TONGA', 'Tonga', 'TON', 776, 676, '2016-12-13 03:19:46', '2016-12-13 03:19:46'),
(216, 'TT', 'TRINIDAD AND TOBAGO', 'Trinidad and Tobago', 'TTO', 780, 1868, '2016-12-13 03:19:46', '2016-12-13 03:19:46'),
(217, 'TN', 'TUNISIA', 'Tunisia', 'TUN', 788, 216, '2016-12-13 03:19:46', '2016-12-13 03:19:46'),
(218, 'TR', 'TURKEY', 'Turkey', 'TUR', 792, 90, '2016-12-13 03:19:46', '2016-12-13 03:19:46'),
(219, 'TM', 'TURKMENISTAN', 'Turkmenistan', 'TKM', 795, 7370, '2016-12-13 03:19:46', '2016-12-13 03:19:46'),
(220, 'TC', 'TURKS AND CAICOS ISLANDS', 'Turks and Caicos Islands', 'TCA', 796, 1649, '2016-12-13 03:19:46', '2016-12-13 03:19:46'),
(221, 'TV', 'TUVALU', 'Tuvalu', 'TUV', 798, 688, '2016-12-13 03:19:46', '2016-12-13 03:19:46'),
(222, 'UG', 'UGANDA', 'Uganda', 'UGA', 800, 256, '2016-12-13 03:19:46', '2016-12-13 03:19:46'),
(223, 'UA', 'UKRAINE', 'Ukraine', 'UKR', 804, 380, '2016-12-13 03:19:46', '2016-12-13 03:19:46'),
(224, 'AE', 'UNITED ARAB EMIRATES', 'United Arab Emirates', 'ARE', 784, 971, '2016-12-13 03:19:46', '2016-12-13 03:19:46'),
(225, 'GB', 'UNITED KINGDOM', 'United Kingdom', 'GBR', 826, 44, '2016-12-13 03:19:46', '2016-12-13 03:19:46'),
(226, 'US', 'UNITED STATES', 'United States', 'USA', 840, 1, '2016-12-13 03:19:46', '2016-12-13 03:19:46'),
(227, 'UM', 'UNITED STATES MINOR OUTLYING ISLANDS', 'United States Minor Outlying Islands', 'NUL', 0, 1, '2016-12-13 03:19:46', '2016-12-13 03:19:46'),
(228, 'UY', 'URUGUAY', 'Uruguay', 'URY', 858, 598, '2016-12-13 03:19:46', '2016-12-13 03:19:46'),
(229, 'UZ', 'UZBEKISTAN', 'Uzbekistan', 'UZB', 860, 998, '2016-12-13 03:19:46', '2016-12-13 03:19:46'),
(230, 'VU', 'VANUATU', 'Vanuatu', 'VUT', 548, 678, '2016-12-13 03:19:47', '2016-12-13 03:19:47'),
(231, 'VE', 'VENEZUELA', 'Venezuela', 'VEN', 862, 58, '2016-12-13 03:19:47', '2016-12-13 03:19:47'),
(232, 'VN', 'VIET NAM', 'Viet Nam', 'VNM', 704, 84, '2016-12-13 03:19:47', '2016-12-13 03:19:47'),
(233, 'VG', 'VIRGIN ISLANDS, BRITISH', 'Virgin Islands, British', 'VGB', 92, 1284, '2016-12-13 03:19:47', '2016-12-13 03:19:47'),
(234, 'VI', 'VIRGIN ISLANDS, U.S.', 'Virgin Islands, U.s.', 'VIR', 850, 1340, '2016-12-13 03:19:47', '2016-12-13 03:19:47'),
(235, 'WF', 'WALLIS AND FUTUNA', 'Wallis and Futuna', 'WLF', 876, 681, '2016-12-13 03:19:47', '2016-12-13 03:19:47'),
(236, 'EH', 'WESTERN SAHARA', 'Western Sahara', 'ESH', 732, 212, '2016-12-13 03:19:47', '2016-12-13 03:19:47'),
(237, 'YE', 'YEMEN', 'Yemen', 'YEM', 887, 967, '2016-12-13 03:19:47', '2016-12-13 03:19:47'),
(238, 'ZM', 'ZAMBIA', 'Zambia', 'ZMB', 894, 260, '2016-12-13 03:19:47', '2016-12-13 03:19:47'),
(239, 'ZW', 'ZIMBABWE', 'Zimbabwe', 'ZWE', 716, 263, '2016-12-13 03:19:47', '2016-12-13 03:19:47');

-- --------------------------------------------------------

--
-- Table structure for table `custom_forms`
--

CREATE TABLE `custom_forms` (
  `id` int(10) UNSIGNED NOT NULL,
  `formname` varchar(255) COLLATE utf8_unicode_ci NOT NULL,
  `created_at` timestamp NULL DEFAULT NULL,
  `updated_at` timestamp NULL DEFAULT NULL
) ENGINE=InnoDB DEFAULT CHARSET=utf8 COLLATE=utf8_unicode_ci;

--dumping data for table 'custom_forms'

INSERT INTO `custom_forms` VALUES (1,'Substation','2018-09-15 13:06:03','2018-09-15 13:06:03'),
(2,'Streetlights','2018-09-15 13:08:02','2018-09-15 13:08:02'),(3,'Overhead lines','2018-09-15 13:09:25','2018-09-15 13:09:25'),
(4,'Cables','2018-09-15 13:10:29','2018-09-15 13:10:29'),(5,'Prepaid meters','2018-09-15 13:12:12','2018-09-15 13:12:12'),
(6,'Leak','2018-09-15 13:14:31','2018-09-15 13:14:31'),(7,'Contamination','2018-09-15 13:16:18','2018-09-15 13:16:18'),
(8,'No Supply','2018-09-15 13:23:29','2018-09-15 13:23:29'),(9,'Pump station','2018-09-15 13:26:08','2018-09-15 13:26:08'),
(10,'Water meter ','2018-09-15 13:29:31','2018-09-15 13:29:31'),(11,'Storm water system','2018-09-15 13:35:40','2018-09-15 13:35:40'),
(12,'Sewer Leak','2018-09-15 13:53:41','2018-09-15 13:53:41'),(13,'Manhole','2018-09-15 14:20:45','2018-09-15 14:20:45'),
(14,'Sewer Pump station','2018-09-15 14:22:41','2018-09-15 14:22:41'),(15,'Electrical ','2018-09-15 14:24:15','2018-09-15 14:24:15'),
(16,'Mechanical','2018-09-15 14:33:16','2018-09-15 14:33:16'),(17,'Overflowing dam','2018-09-15 14:35:21','2018-09-15 14:35:21'),
(18,'Building and site','2018-09-15 14:37:28','2018-09-15 14:37:28'),(19,'Sewer Purification Plant','2018-09-15 14:41:07','2018-09-15 14:41:07'),
(20,'Roads ','2018-09-15 14:43:14','2018-09-15 14:43:14');

-- --------------------------------------------------------

--
-- Table structure for table `custom_form_fields`
--

CREATE TABLE `custom_form_fields` (
  `id` int(10) UNSIGNED NOT NULL,
  `forms_id` int(11) NOT NULL,
  `label` varchar(255) COLLATE utf8_unicode_ci NOT NULL,
  `name` varchar(255) COLLATE utf8_unicode_ci NOT NULL,
  `type` varchar(255) COLLATE utf8_unicode_ci NOT NULL,
  `value` varchar(255) COLLATE utf8_unicode_ci NOT NULL,
  `required` varchar(255) COLLATE utf8_unicode_ci NOT NULL,
  `created_at` timestamp NULL DEFAULT NULL,
  `updated_at` timestamp NULL DEFAULT NULL
) ENGINE=InnoDB DEFAULT CHARSET=utf8 COLLATE=utf8_unicode_ci;

--dumping data for table 'custom_form_fields`

INSERT INTO `custom_form_fields` VALUES (5,2,'Area','area','select','','1','2018-09-15 13:08:02','2018-09-15 13:08:02'),
(6,2,'surburb','surburb','text','','1','2018-09-15 13:08:02','2018-09-15 13:08:02'),(7,2,'street','street','text','','1','2018-09-15 13:08:02','2018-09-15 13:08:02'),
(8,2,'Problem','problem','select','','1','2018-09-15 13:08:02','2018-09-15 13:08:02'),(9,3,'Area','area','select','','1','2018-09-15 13:09:25','2018-09-15 13:09:25'),
(10,3,'Surburb','surburb','text','','1','2018-09-15 13:09:25','2018-09-15 13:09:25'),(11,3,'Street','street','text','','1','2018-09-15 13:09:25','2018-09-15 13:09:25'),
(12,3,'Problem','problem','select','','1','2018-09-15 13:09:25','2018-09-15 13:09:25'),(13,4,'Area','area','select','','1','2018-09-15 13:10:29','2018-09-15 13:10:29'),
(14,4,'Surburb','surburb','text','','1','2018-09-15 13:10:29','2018-09-15 13:10:29'),(15,4,'Street','street','text','','1','2018-09-15 13:10:29','2018-09-15 13:10:29'),
(16,4,'Problem','problem','select','','1','2018-09-15 13:10:29','2018-09-15 13:10:29'),(17,5,'Area','area','select','','1','2018-09-15 13:12:12','2018-09-15 13:12:12'),
(18,5,'Surburb','surburb','text','','1','2018-09-15 13:12:12','2018-09-15 13:12:12'),(19,5,'Street','street','text','','1','2018-09-15 13:12:12','2018-09-15 13:12:12'),
(20,5,'Problem','problem','select','','1','2018-09-15 13:12:12','2018-09-15 13:12:12'),(31,8,'Area','area','select','','1','2018-09-15 13:23:29','2018-09-15 13:23:29'),
(32,8,'Suburb','suburb','text','','1','2018-09-15 13:23:29','2018-09-15 13:23:29'),(33,8,'Street','street','text','','1','2018-09-15 13:23:29','2018-09-15 13:23:29'),
(34,8,'Problem','problem','checkbox','','1','2018-09-15 13:23:29','2018-09-15 13:23:29'),(40,10,'Area','area','select','','1','2018-09-15 13:29:31','2018-09-15 13:29:31'),
(41,10,'Suburb','suburb','text','','1','2018-09-15 13:29:31','2018-09-15 13:29:31'),(42,10,'Street','street','text','','1','2018-09-15 13:29:31','2018-09-15 13:29:31'),
(43,10,'Problem','problem','select','','1','2018-09-15 13:29:31','2018-09-15 13:29:31'),(44,10,'Other ','other','textarea','','1','2018-09-15 13:29:31','2018-09-15 13:29:31'),
(85,19,'Area','area','select','','1','2018-09-15 14:41:07','2018-09-15 14:41:07'),(86,19,'Suburb','suburb','text','','1','2018-09-15 14:41:07','2018-09-15 14:41:07'),
(87,19,'Street','street','text','','1','2018-09-15 14:41:07','2018-09-15 14:41:07'),(88,19,'Problem ','problem','select','','1','2018-09-15 14:41:07','2018-09-15 14:41:07'),
(94,1,'Problem','problem','select','','1','2018-09-19 15:05:03','2018-09-19 15:05:03'),(95,1,'Area','area','select','','1','2018-09-19 15:05:03','2018-09-19 15:05:03'),
(96,1,'Surburb','surburb','text','','1','2018-09-19 15:05:03','2018-09-19 15:05:03'),(97,1,'Street','street','text','','1','2018-09-19 15:05:03','2018-09-19 15:05:03'),
(98,6,'Area','area','select','','1','2018-09-21 12:54:28','2018-09-21 12:54:28'),(99,6,'Suburb','suburb','text','','1','2018-09-21 12:54:28','2018-09-21 12:54:28'),
(100,6,'Street','street','text','','1','2018-09-21 12:54:28','2018-09-21 12:54:28'),(101,6,'Problem','problem','select','','1','2018-09-21 12:54:28','2018-09-21 12:54:28'),
(102,6,'Other','other','textarea','','0','2018-09-21 12:54:28','2018-09-21 12:54:28'),(103,9,'Area','area','select','','1','2018-09-21 12:55:22','2018-09-21 12:55:22'),
(104,9,'Suburb','suburb','text','','1','2018-09-21 12:55:22','2018-09-21 12:55:22'),(105,9,'Street','street','text','','1','2018-09-21 12:55:22','2018-09-21 12:55:22'),
(106,9,'Problem','problem','select','','1','2018-09-21 12:55:22','2018-09-21 12:55:22'),(107,9,'Other','other','textarea','','0','2018-09-21 12:55:22','2018-09-21 12:55:22'),
(108,11,'Area','area','select','','1','2018-09-21 12:55:38','2018-09-21 12:55:38'),(109,11,'Suburb','suburb','text','','1','2018-09-21 12:55:38','2018-09-21 12:55:38'),
(110,11,'Street','street','text','','1','2018-09-21 12:55:38','2018-09-21 12:55:38'),(111,11,'Problem','problem','select','','1','2018-09-21 12:55:38','2018-09-21 12:55:38'),
(112,11,'Other','other','textarea','','0','2018-09-21 12:55:38','2018-09-21 12:55:38'),(113,12,'Area','area','select','','1','2018-09-21 12:55:50','2018-09-21 12:55:50'),
114,12,'Suburb','suburb','text','','1','2018-09-21 12:55:50','2018-09-21 12:55:50'),(115,12,'Street','street','text','','1','2018-09-21 12:55:50','2018-09-21 12:55:50'),
(116,12,'Problem','problem','select','','1','2018-09-21 12:55:50','2018-09-21 12:55:50'),(117,12,'Other','other','textarea','','0','2018-09-21 12:55:50','2018-09-21 12:55:50'),
(118,13,'Area','area','select','','1','2018-09-21 12:56:01','2018-09-21 12:56:01'),(119,13,'Suburb','suburb','text','','1','2018-09-21 12:56:01','2018-09-21 12:56:01'),
(120,13,'Street','street','text','','1','2018-09-21 12:56:01','2018-09-21 12:56:01'),(121,13,'Problem','problem','select','','1','2018-09-21 12:56:01','2018-09-21 12:56:01'),
(122,13,'Other','other','textarea','','0','2018-09-21 12:56:01','2018-09-21 12:56:01'),(123,14,'Area','area','select','','1','2018-09-21 12:56:25','2018-09-21 12:56:25'),
(124,14,'Suburb','suburb','text','','1','2018-09-21 12:56:25','2018-09-21 12:56:25'),(125,14,'Street ','street','text','','1','2018-09-21 12:56:25','2018-09-21 12:56:25'),
(126,14,'Problem','problem','select','','1','2018-09-21 12:56:25','2018-09-21 12:56:25'),(127,14,'Other','other','textarea','','0','2018-09-21 12:56:25','2018-09-21 12:56:25'),
(133,15,'Area','area','select','','1','2018-09-21 12:57:28','2018-09-21 12:57:28'),(134,15,'Suburb','suburb','text','','1','2018-09-21 12:57:28','2018-09-21 12:57:28'),
(135,15,'Street','street','text','','1','2018-09-21 12:57:28','2018-09-21 12:57:28'),(136,15,'Problem','problem','select','','1','2018-09-21 12:57:28','2018-09-21 12:57:28'),
(137,15,'Other','other','textarea','','0','2018-09-21 12:57:28','2018-09-21 12:57:28'),(138,16,'Area','area','select','','1','2018-09-21 12:57:36','2018-09-21 12:57:36'),
(139,16,'Suburb','suburb','text','','1','2018-09-21 12:57:36','2018-09-21 12:57:36'),(140,16,'Street','street','text','','1','2018-09-21 12:57:36','2018-09-21 12:57:36'),
(141,16,'Problem','problem','select','','1','2018-09-21 12:57:36','2018-09-21 12:57:36'),(142,16,'Other...','other','textarea','','0','2018-09-21 12:57:36','2018-09-21 12:57:36'),(143,17,'Area','area','select','','1','2018-09-21 12:58:11','2018-09-21 12:58:11'),(144,17,'Suburb','suburb','text','','1','2018-09-21 12:58:11','2018-09-21 12:58:11'),(145,17,'Street','street','text','','1','2018-09-21 12:58:11','2018-09-21 12:58:11'),(146,17,'Problem','problem','select','','1','2018-09-21 12:58:11','2018-09-21 12:58:11'),(147,17,'Other','other','textarea','','0','2018-09-21 12:58:11','2018-09-21 12:58:11'),(148,18,'Area','area','select','','1','2018-09-21 12:58:19','2018-09-21 12:58:19'),(149,18,'Suburb','suburb','text','','1','2018-09-21 12:58:20','2018-09-21 12:58:20'),(150,18,'Street','street','text','','1','2018-09-21 12:58:20','2018-09-21 12:58:20'),(151,18,'Problem','problem','select','','1','2018-09-21 12:58:20','2018-09-21 12:58:20'),(152,18,'Other','other','textarea','','0','2018-09-21 12:58:20','2018-09-21 12:58:20'),(153,20,'Area','area','select','','1','2018-09-21 12:58:57','2018-09-21 12:58:57'),(154,20,'Suburb','suburb','text','','1','2018-09-21 12:58:57','2018-09-21 12:58:57'),(155,20,'Street','street','text','','1','2018-09-21 12:58:57','2018-09-21 12:58:57'),(156,20,'Problem','problem','select','','1','2018-09-21 12:58:57','2018-09-21 12:58:57'),(157,20,'Other','other','textarea','','0','2018-09-21 12:58:57','2018-09-21 12:58:57'),(158,7,'Area','area','select','','1','2018-09-21 12:59:24','2018-09-21 12:59:24'),(159,7,'Suburb','suburb','text','','1','2018-09-21 12:59:24','2018-09-21 12:59:24'),(160,7,'Street','street','text','','1','2018-09-21 12:59:24','2018-09-21 12:59:24'),(161,7,'Problem','problem','select','','1','2018-09-21 12:59:24','2018-09-21 12:59:24'),(162,7,'Other','other','textarea','','0','2018-09-21 12:59:24','2018-09-21 12:59:24');

-- --------------------------------------------------------

--
-- Table structure for table `date_format`
--

CREATE TABLE `date_format` (
  `id` int(10) UNSIGNED NOT NULL,
  `format` varchar(255) COLLATE utf8_unicode_ci NOT NULL
) ENGINE=InnoDB DEFAULT CHARSET=utf8 COLLATE=utf8_unicode_ci;

--
-- Dumping data for table `date_format`
--

INSERT INTO `date_format` (`id`, `format`) VALUES
(1, 'dd/mm/yyyy'),
(2, 'dd-mm-yyyy'),
(3, 'dd.mm.yyyy'),
(4, 'mm/dd/yyyy'),
(5, 'mm:dd:yyyy'),
(6, 'mm-dd-yyyy'),
(7, 'yyyy/mm/dd'),
(8, 'yyyy.mm.dd'),
(9, 'yyyy-mm-dd');

-- --------------------------------------------------------

--
-- Table structure for table `date_time_format`
--

CREATE TABLE `date_time_format` (
  `id` int(10) UNSIGNED NOT NULL,
  `format` varchar(255) COLLATE utf8_unicode_ci NOT NULL
) ENGINE=InnoDB DEFAULT CHARSET=utf8 COLLATE=utf8_unicode_ci;

--
-- Dumping data for table `date_time_format`
--

INSERT INTO `date_time_format` (`id`, `format`) VALUES
(1, 'd/m/Y H:i:s'),
(2, 'd.m.Y H:i:s'),
(3, 'd-m-Y H:i:s'),
(4, 'm/d/Y H:i:s'),
(5, 'm.d.Y H:i:s'),
(6, 'm-d-Y H:i:s'),
(7, 'Y/m/d H:i:s'),
(8, 'Y.m.d H:i:s'),
(9, 'Y-m-d H:i:s');

-- --------------------------------------------------------

--
-- Table structure for table `department`
--

CREATE TABLE `department` (
  `id` int(10) UNSIGNED NOT NULL,
  `name` varchar(255) COLLATE utf8_unicode_ci NOT NULL,
  `type` varchar(255) COLLATE utf8_unicode_ci NOT NULL,
  `sla` int(10) UNSIGNED DEFAULT NULL,
  `manager` int(10) UNSIGNED DEFAULT NULL,
  `ticket_assignment` varchar(255) COLLATE utf8_unicode_ci NOT NULL,
  `outgoing_email` varchar(255) COLLATE utf8_unicode_ci NOT NULL,
  `template_set` varchar(255) COLLATE utf8_unicode_ci NOT NULL,
  `auto_ticket_response` varchar(255) COLLATE utf8_unicode_ci NOT NULL,
  `auto_message_response` varchar(255) COLLATE utf8_unicode_ci NOT NULL,
  `auto_response_email` varchar(255) COLLATE utf8_unicode_ci NOT NULL,
  `recipient` varchar(255) COLLATE utf8_unicode_ci NOT NULL,
  `group_access` varchar(255) COLLATE utf8_unicode_ci NOT NULL,
  `department_sign` varchar(255) COLLATE utf8_unicode_ci NOT NULL,
  `created_at` timestamp NULL DEFAULT NULL,
  `updated_at` timestamp NULL DEFAULT NULL
) ENGINE=InnoDB DEFAULT CHARSET=utf8 COLLATE=utf8_unicode_ci;

--
-- Dumping data for table `department`
--

INSERT INTO `department` (`id`, `name`, `type`, `sla`, `manager`, `ticket_assignment`, `outgoing_email`, `template_set`, `auto_ticket_response`, 
`auto_message_response`, `auto_response_email`, `recipient`, `group_access`, `department_sign`, `created_at`, `updated_at`) 
VALUES (1,'Support','1',1,NULL,'','','','','','','','','','2018-09-13 12:02:49','2018-09-13 12:02:49'),(2,'Sales','1',1,NULL,'','','','','','','','','',
'2018-09-13 12:02:49','2018-09-13 12:02:49'),(3,'Operation','1',1,NULL,'','','','','','','','','','2018-09-13 12:02:49','2018-09-13 12:02:49'),
(4,'Electricity','1',NULL,17,'','','','','','','','','','2018-09-15 12:43:51','2018-09-21 09:14:53'),
(5,'Water','1',NULL,NULL,'','','','','','','','','','2018-09-15 12:44:12','2018-09-15 12:44:12'),
(6,'Sewer Infrastructure','1',NULL,NULL,'','','','','','','','','','2018-09-15 12:44:36','2018-09-15 12:44:36'),
(7,'Sewer Purification Plant','1',NULL,NULL,'','','','','','','','','','2018-09-15 12:44:57','2018-09-15 12:44:57'),
(8,'Roads','1',NULL,NULL,'','','','','','','','','','2018-09-15 12:45:23','2018-09-15 12:45:23');
-- --------------------------------------------------------

--
-- Table structure for table `emails`
--

CREATE TABLE `emails` (
  `id` int(10) UNSIGNED NOT NULL,
  `email_address` varchar(255) COLLATE utf8_unicode_ci NOT NULL,
  `email_name` varchar(255) COLLATE utf8_unicode_ci NOT NULL,
  `department` int(10) UNSIGNED DEFAULT NULL,
  `priority` int(10) UNSIGNED DEFAULT NULL,
  `help_topic` int(10) UNSIGNED DEFAULT NULL,
  `user_name` varchar(255) COLLATE utf8_unicode_ci DEFAULT NULL,
  `password` varchar(255) COLLATE utf8_unicode_ci NOT NULL,
  `fetching_host` varchar(255) COLLATE utf8_unicode_ci NOT NULL,
  `fetching_port` varchar(255) COLLATE utf8_unicode_ci NOT NULL,
  `fetching_protocol` varchar(255) COLLATE utf8_unicode_ci NOT NULL,
  `fetching_encryption` varchar(255) COLLATE utf8_unicode_ci NOT NULL,
  `mailbox_protocol` varchar(255) COLLATE utf8_unicode_ci NOT NULL,
  `imap_config` varchar(255) COLLATE utf8_unicode_ci NOT NULL,
  `folder` varchar(255) COLLATE utf8_unicode_ci NOT NULL,
  `sending_host` varchar(255) COLLATE utf8_unicode_ci NOT NULL,
  `sending_port` varchar(255) COLLATE utf8_unicode_ci NOT NULL,
  `sending_protocol` varchar(255) COLLATE utf8_unicode_ci NOT NULL,
  `sending_encryption` varchar(255) COLLATE utf8_unicode_ci NOT NULL,
  `smtp_validate` varchar(255) COLLATE utf8_unicode_ci NOT NULL,
  `smtp_authentication` varchar(255) COLLATE utf8_unicode_ci NOT NULL,
  `internal_notes` varchar(255) COLLATE utf8_unicode_ci NOT NULL,
  `auto_response` tinyint(1) NOT NULL,
  `fetching_status` tinyint(1) NOT NULL,
  `move_to_folder` tinyint(1) NOT NULL,
  `delete_email` tinyint(1) NOT NULL,
  `do_nothing` tinyint(1) NOT NULL,
  `sending_status` tinyint(1) NOT NULL,
  `authentication` tinyint(1) NOT NULL,
  `header_spoofing` tinyint(1) NOT NULL,
  `created_at` timestamp NULL DEFAULT NULL,
  `updated_at` timestamp NULL DEFAULT NULL
) ENGINE=InnoDB DEFAULT CHARSET=utf8 COLLATE=utf8_unicode_ci;

-- --------------------------------------------------------

--
-- Table structure for table `failed_jobs`
--

CREATE TABLE `failed_jobs` (
  `id` int(10) UNSIGNED NOT NULL,
  `connection` text COLLATE utf8_unicode_ci NOT NULL,
  `queue` text COLLATE utf8_unicode_ci NOT NULL,
  `payload` longtext COLLATE utf8_unicode_ci NOT NULL,
  `failed_at` timestamp NOT NULL DEFAULT CURRENT_TIMESTAMP
) ENGINE=InnoDB DEFAULT CHARSET=utf8 COLLATE=utf8_unicode_ci;

-- --------------------------------------------------------

--
-- Table structure for table `faveo_mails`
--

CREATE TABLE `faveo_mails` (
  `id` int(10) UNSIGNED NOT NULL,
  `email_id` int(11) NOT NULL,
  `drive` varchar(255) COLLATE utf8_unicode_ci NOT NULL,
  `key` varchar(255) COLLATE utf8_unicode_ci NOT NULL,
  `value` varchar(255) COLLATE utf8_unicode_ci NOT NULL,
  `created_at` timestamp NULL DEFAULT NULL,
  `updated_at` timestamp NULL DEFAULT NULL
) ENGINE=InnoDB DEFAULT CHARSET=utf8 COLLATE=utf8_unicode_ci;

-- --------------------------------------------------------

--
-- Table structure for table `faveo_queues`
--

CREATE TABLE `faveo_queues` (
  `id` int(10) UNSIGNED NOT NULL,
  `service_id` int(11) NOT NULL,
  `key` varchar(255) COLLATE utf8_unicode_ci NOT NULL,
  `value` varchar(255) COLLATE utf8_unicode_ci NOT NULL,
  `created_at` timestamp NULL DEFAULT NULL,
  `updated_at` timestamp NULL DEFAULT NULL
) ENGINE=InnoDB DEFAULT CHARSET=utf8 COLLATE=utf8_unicode_ci;

-- --------------------------------------------------------

--
-- Table structure for table `field_values`
--

CREATE TABLE `field_values` (
  `id` int(10) UNSIGNED NOT NULL,
  `field_id` int(10) UNSIGNED DEFAULT NULL,
  `child_id` int(10) UNSIGNED DEFAULT NULL,
  `field_key` varchar(255) COLLATE utf8_unicode_ci DEFAULT NULL,
  `field_value` varchar(255) COLLATE utf8_unicode_ci DEFAULT NULL,
  `created_at` timestamp NULL DEFAULT NULL,
  `updated_at` timestamp NULL DEFAULT NULL
) ENGINE=InnoDB DEFAULT CHARSET=utf8 COLLATE=utf8_unicode_ci;

-- --------------------------------------------------------

--
-- Table structure for table `groups`
--

CREATE TABLE `groups` (
  `id` int(10) UNSIGNED NOT NULL,
  `name` varchar(255) COLLATE utf8_unicode_ci NOT NULL,
  `group_status` tinyint(1) NOT NULL,
  `can_create_ticket` tinyint(1) NOT NULL,
  `can_edit_ticket` tinyint(1) NOT NULL,
  `can_post_ticket` tinyint(1) NOT NULL,
  `can_close_ticket` tinyint(1) NOT NULL,
  `can_assign_ticket` tinyint(1) NOT NULL,
  `can_transfer_ticket` tinyint(1) NOT NULL,
  `can_delete_ticket` tinyint(1) NOT NULL,
  `can_ban_email` tinyint(1) NOT NULL,
  `can_manage_canned` tinyint(1) NOT NULL,
  `can_manage_faq` tinyint(1) NOT NULL,
  `can_view_agent_stats` tinyint(1) NOT NULL,
  `department_access` tinyint(1) NOT NULL,
  `admin_notes` varchar(255) COLLATE utf8_unicode_ci NOT NULL,
  `created_at` timestamp NULL DEFAULT NULL,
  `updated_at` timestamp NULL DEFAULT NULL
) ENGINE=InnoDB DEFAULT CHARSET=utf8 COLLATE=utf8_unicode_ci;

--
-- Dumping data for table `groups`
--

INSERT INTO `groups` (`id`, `name`, `group_status`, `can_create_ticket`, `can_edit_ticket`, `can_post_ticket`, `can_close_ticket`, `can_assign_ticket`,
`can_transfer_ticket`, `can_delete_ticket`, `can_ban_email`, `can_manage_canned`, `can_manage_faq`, `can_view_agent_stats`, `department_access`, `admin_notes`, 
`created_at`, `updated_at`) VALUES
(1, 'Group A', 1, 1, 1, 1, 1, 1, 1, 1, 1, 1, 0, 1, 1, '', '2016-12-13 03:19:27', '2016-12-13 03:19:27'),
(2, 'Group B', 1, 1, 0, 0, 1, 1, 1, 1, 1, 1, 0, 1, 1, '', '2016-12-13 03:19:27', '2016-12-13 03:19:27'),
(3, 'Group C', 1, 0, 0, 0, 1, 0, 0, 0, 0, 0, 0, 0, 0, '', '2016-12-13 03:19:27', '2016-12-13 03:19:27');

-- --------------------------------------------------------

--
-- Table structure for table `group_assign_department`
--

CREATE TABLE `group_assign_department` (
  `id` int(10) UNSIGNED NOT NULL,
  `group_id` int(10) UNSIGNED NOT NULL,
  `department_id` int(10) UNSIGNED NOT NULL,
  `created_at` timestamp NULL DEFAULT NULL,
  `updated_at` timestamp NULL DEFAULT NULL
) ENGINE=InnoDB DEFAULT CHARSET=utf8 COLLATE=utf8_unicode_ci;

-- --------------------------------------------------------

--
-- Table structure for table `help_topic`
--

CREATE TABLE `help_topic` (
  `id` int(10) UNSIGNED NOT NULL,
  `topic` varchar(255) COLLATE utf8_unicode_ci NOT NULL,
  `parent_topic` varchar(255) COLLATE utf8_unicode_ci NOT NULL,
  `custom_form` int(10) UNSIGNED DEFAULT NULL,
  `department` int(10) UNSIGNED DEFAULT NULL,
  `ticket_status` int(10) UNSIGNED DEFAULT NULL,
  `priority` int(10) UNSIGNED DEFAULT NULL,
  `sla_plan` int(10) UNSIGNED DEFAULT NULL,
  `thank_page` varchar(255) COLLATE utf8_unicode_ci NOT NULL,
  `ticket_num_format` varchar(255) COLLATE utf8_unicode_ci NOT NULL,
  `internal_notes` varchar(255) COLLATE utf8_unicode_ci NOT NULL,
  `status` tinyint(1) NOT NULL,
  `type` tinyint(1) NOT NULL,
  `auto_assign` int(10) UNSIGNED DEFAULT NULL,
  `auto_response` tinyint(1) NOT NULL,
  `created_at` timestamp NULL DEFAULT NULL,
  `updated_at` timestamp NULL DEFAULT NULL
) ENGINE=InnoDB DEFAULT CHARSET=utf8 COLLATE=utf8_unicode_ci;

--
-- Dumping data for table `help_topic`
--

INSERT INTO `help_topic` (`id`, `topic`, `parent_topic`, `custom_form`, `department`, `ticket_status`, `priority`, `sla_plan`, `thank_page`,
`ticket_num_format`, `internal_notes`, `status`, `type`, `auto_assign`, `auto_response`, `created_at`, `updated_at`) 
VALUES (4,'Electricity ','',NULL,4,NULL,1,1,'','','',0,0,NULL,0,'2018-09-15 12:46:40','2018-09-15 14:04:36'),
(5,'Water','',NULL,1,NULL,2,1,'','','',0,0,NULL,0,'2018-09-15 12:46:54','2018-09-15 14:04:42'),
(6,'Sewer Infrastructure','',NULL,1,NULL,1,1,'','','',0,0,NULL,0,'2018-09-15 12:47:10','2018-09-15 14:04:47'),
(7,'Sewer Purification Plant','',19,7,NULL,1,1,'','','',1,1,14,0,'2018-09-15 12:47:36','2018-09-21 09:35:37'),
(8,'Roads','',20,8,NULL,1,1,'','','',1,1,6,0,'2018-09-15 12:48:02','2018-09-21 09:17:02'),
(9,'Electricity - Substation','4',1,4,NULL,1,1,'','','',1,1,8,0,'2018-09-15 13:00:58','2018-09-21 09:28:32'),
(10,'Electricity - Streetlights','4',2,4,NULL,1,1,'','','',1,1,8,0,'2018-09-15 13:55:14','2018-09-21 09:28:38'),
(11,'Electricity - Overhead lines','4',3,4,NULL,1,1,'','','',1,1,8,0,'2018-09-15 13:55:52','2018-09-21 09:28:42'),
(12,'Electricity - Cables','4',4,4,NULL,1,1,'','','',1,1,8,0,'2018-09-15 13:56:14','2018-09-21 09:28:48'),
(13,'Electricity - Prepaid meters','4',5,4,NULL,1,1,'','','',1,1,8,0,'2018-09-15 13:56:45','2018-09-21 09:28:54'),
(14,'Water - Leak','5',6,5,NULL,1,1,'','','',1,1,17,0,'2018-09-15 13:57:23','2018-09-21 09:29:00'),
(15,'Water - Contamination','5',7,5,NULL,2,1,'','','',1,1,17,0,'2018-09-15 13:57:53','2018-09-21 09:27:36'),
(16,'Water - No Supply ','5',8,5,NULL,1,1,'','','',1,1,17,0,'2018-09-15 13:58:28','2018-09-21 09:29:10'),
(17,'Water - Pump station','5',9,5,NULL,2,1,'','','',1,1,17,0,'2018-09-15 13:58:58','2018-09-21 09:29:15'),
(18,'Water - meter problem','5',5,5,NULL,2,1,'','','',1,1,17,0,'2018-09-15 13:59:29','2018-09-21 09:29:29'),
(19,'Water - Storm water system','5',11,5,NULL,2,1,'','','',1,1,17,0,'2018-09-15 14:00:12','2018-09-21 09:29:36'),
(20,'Sewer Infrastructure - Leak','6',12,5,NULL,2,3,'','','',1,1,6,0,'2018-09-15 14:01:04','2018-09-21 09:30:18'),
(21,'Sewer Infrastructure - Manhole','6',13,6,NULL,1,1,'','','',1,1,6,0,'2018-09-15 14:46:56','2018-09-21 09:30:26'),
(22,'Sewer Infrastructure - Pump station','6',14,6,NULL,1,1,'','','',1,1,6,0,'2018-09-15 14:47:33','2018-09-21 09:30:34'),
(23,'Sewer Infrastructure - Electrical ','6',15,6,NULL,1,1,'','','',1,1,6,0,'2018-09-15 14:48:23','2018-09-21 09:30:45'),
(24,'Sewer Infrastructure - Mechanical','6',16,6,NULL,2,1,'','','',1,1,6,0,'2018-09-15 14:49:23','2018-09-21 09:34:20'),
(25,'Sewer Infrastructure - Overflow dam','7',17,6,NULL,1,1,'','','',1,1,6,0,'2018-09-15 15:26:05','2018-09-21 09:34:26'),
(26,'Sewer Infrastructure - Building and site','7',18,6,NULL,2,1,'','','',1,1,6,0,'2018-09-15 15:26:49','2018-09-21 09:34:31'),
(27,'Sewer Purification Plant - Leak','7',12,7,NULL,2,1,'','','',1,1,7,0,'2018-09-15 15:27:27','2018-09-21 09:34:39'),
(28,'Sewer Purification Plant - Manhole','7',13,7,NULL,1,1,'','','',1,1,7,0,'2018-09-15 15:28:14','2018-09-21 09:34:47'),
(29,'Sewer Purification Plant - Pump Station','7',14,7,NULL,1,1,'','','',1,1,7,0,'2018-09-15 15:28:52','2018-09-21 09:34:52'),
(30,'Sewer Purification Plant - Electrical','7',15,7,NULL,2,1,'','','',1,1,7,0,'2018-09-15 15:29:28','2018-09-21 09:34:59'),
(31,'Sewer Purification Plant - Mechanical','7',16,7,NULL,2,1,'','','',1,1,7,0,'2018-09-15 15:30:09','2018-09-21 09:35:07'),
(32,'Sewer Purification Plant - Overflow dam','7',17,7,NULL,1,1,'','','',1,1,7,0,'2018-09-15 15:30:35','2018-09-21 09:35:20'),
(33,'Sewer Purification Plant - Building and Site','7',18,7,NULL,1,1,'','','',1,1,9,0,'2018-09-15 15:31:14','2018-09-21 09:35:25');

-- --------------------------------------------------------

--
-- Table structure for table `jobs`
--

CREATE TABLE `jobs` (
  `id` bigint(20) UNSIGNED NOT NULL,
  `queue` varchar(255) COLLATE utf8_unicode_ci NOT NULL,
  `payload` longtext COLLATE utf8_unicode_ci NOT NULL,
  `attempts` tinyint(3) UNSIGNED NOT NULL,
  `reserved` tinyint(3) UNSIGNED NOT NULL,
  `reserved_at` int(10) UNSIGNED DEFAULT NULL,
  `available_at` int(10) UNSIGNED NOT NULL,
  `created_at` int(10) UNSIGNED NOT NULL
) ENGINE=InnoDB DEFAULT CHARSET=utf8 COLLATE=utf8_unicode_ci;

-- --------------------------------------------------------

--
-- Table structure for table `kb_article`
--

CREATE TABLE `kb_article` (
  `id` int(10) UNSIGNED NOT NULL,
  `name` text COLLATE utf8_unicode_ci NOT NULL,
  `slug` varchar(255) COLLATE utf8_unicode_ci NOT NULL,
  `description` text COLLATE utf8_unicode_ci NOT NULL,
  `status` tinyint(1) NOT NULL,
  `type` tinyint(1) NOT NULL,
  `publish_time` datetime DEFAULT NULL,
  `created_at` timestamp NULL DEFAULT NULL,
  `updated_at` timestamp NULL DEFAULT NULL
) ENGINE=InnoDB DEFAULT CHARSET=utf8 COLLATE=utf8_unicode_ci;

--
-- Dumping data for table `kb_article`
--

INSERT INTO `kb_article` (`id`, `name`, `slug`, `description`, `status`, `type`, `publish_time`, `created_at`, `updated_at`) VALUES
(1, 'DISCLAIMERS', 'disclaimers', '<p>ABC clothing.com does not promise that the site will be inoffensive, error-free or uninterrupted, or that it will provide specific information from use of the site or any content, search, or link on it. The site and its content are delivered on an “as-is” and “as-available” basis. ABC clothing.com cannot ensure that files you download from the site will be free of viruses or contamination or destructive features.</p>\r\n\r\n<p>Thebclothing.com disclaims all warranties, express or implied, including any implied warranties of merchantability and fitness for a particular purpose. ABC clothing.com will not be liable for any damages of any kind arising from the use of this site, including, without limitation, direct, indirect, incidental, and punitive and consequential damages.</p>\r\n\r\n<p>ABC clothing.com disclaims any and all liability for the acts, omissions, and conduct of any third-party users, ABC clothing.com users, advertisers, and/or sponsors on the Site, in connection with the Site, or other-wise related to your use of the Site. ABC clothing.com is not responsible for the products, services, actions, or failure to act of any third party in connection with or referenced on the Site. Without limiting the fore-going, you may report the misconduct of users and/or third-party advertisers or service and/or product providers referenced on or included in the Site to ABC clothing.com at Support@abcclothing.com</p>\r\n\r\n<p>ABC clothing.com may investigate the claim and take appropriate action, at its sole discretion.</p>\r\n\r\n<p>For any query kindly drop mail us on  Support@abcclothing.com.</p>\r\n', 1, 1, '2016-12-13 08:54:00', '2016-12-13 03:25:28', '2016-12-13 03:25:28'),
(2, 'CUSTOM ORDER', 'custom-order', '<p>You saw, you liked but couldn’t see your size? We will custom make it for you.</p>\r\n\r\n<p><strong>How it works:</strong></p>\r\n\r\n<ol><li>You liked something and want to modify a little or have something else on mind, do pen it down and share it with us on Support@abcclothing.com</li>\r\n  <li>We’ll work out the price depending on how detailed or intricate you want your garment.</li>\r\n <li>An advance would be required for any customized orders.</li>\r\n  <li>Once you’ve placed a deposit, we’ll make you a sketch of the garment.</li>\r\n  <li>We can complete your order in 15-20 days depending on the workload.</li>\r\n  <li>We will also share some updates on the garment in case something needs to be changed.</li>\r\n  <li>We finally ship it to your given address.</li>\r\n</ol><p><strong>Note:</strong> No returns and refunds.</p>\r\n', 1, 1, '2016-12-13 08:56:00', '2016-12-13 03:26:24', '2016-12-13 03:26:24'),
(3, 'TROUSER SKIRTS', 'trouser-skirts', '<p>Paris takes its fashion very, very seriously. So seriously, in fact, that wearing the wrong thing has actually caused a riot.</p>\r\n\r\n<p>In 1911, two rival Parisian couture houses launched their \"trouser skirts,\" an innovation in fashion that trod the very fixed line between the genders and seemed to promise greater flexibility for women in general. There were two different versions of the trouser skirt: One was a sort of baggy pant with a very low hanging crotch, described as \"a sack with holes made for the legs to go through,\" not unlike the fashions on high streets today, and the other a pair of the same kind of pants topped with an over-skirt, again, not unlike high street fashions of today. Both versions were launched by models at the opening day of racing season to general revulsion and disgust, but thankfully, no violence.</p>\r\n\r\n<p>It wasn\'t until the ladies attempted to promenade their future fashions on the boulevards that the fisticuffs started—at the Place de l\'Opera, the poor models were attacked by a jeering mob of fashion Philistines, who pulled their hair, trampled their hats, and reduced them to tears. A squad of police officers on bicycles were dispatched to rescue the girls and escort them to safety.</p>\r\n', 1, 1, '2016-12-13 08:56:00', '2016-12-13 03:27:02', '2016-12-13 03:27:02'),
(4, 'SECURE SHOPPING GUARANTEE', 'secure-shopping-guarantee', '<p>We accept all major Indian and International Credit/ Debit Cards, and Net Banking with over 40 Banks.</p>\r\n\r\n<p>NO Cash on Delivery (as random people order and share false addresses for fun)</p>\r\n\r\n<p>Yes, shopping at our e-store is 100% safe. All payment requests are directed to the secured PayU Payment Gateway. This gives you the highest level of protection possible whenever you use credit cards or make other financial or confidential transactions over the Internet.</p>\r\n\r\n<p>You can be assured that our e-store offers you the highest standards of security currently available on the net so as to ensure that your shopping experience is private, safe and secure.</p>\r\n', 1, 1, '2016-12-13 08:57:00', '2016-12-13 03:27:42', '2016-12-13 03:27:42'),
(5, 'PRIVACY POLICY', 'privacy-policy', '<p>The ABC Clothing collects your basic information to service your requests. This basic information is gathered when you purchase products/Gift card vouchers or when you sign up for e-mail notifications. Information gathered from you includes your name, mailing address, e-mail and phone number. Only when you place an order, your card information is requested and is submitted via the highest level of encryption to make sure of the greatest amount of safety and security. Reason why we gather this information:</p>\r\n\r\n<p><strong>To process your order</strong>.<br />\r\nShipping and Customer Service.<br />\r\nWe also use the information to upgrade our products, customer services, website content and navigation.</p>\r\n\r\n<p><br /><strong>Internal Record Keeping</strong>.<br />\r\nWe at The ABC Clothing respect that you do not want your personal information shared with other companies. The information you provide shall, therefore, be only used to process your order and customer support. The ABC Clothing does not share, sell or rent customer information to any other company.</p>\r\n', 1, 1, '2016-12-13 08:58:00', '2016-12-13 03:28:31', '2016-12-13 03:28:31'),
(6, ' SHIPPING POLICY', 'shipping-policy', '<p>We ship worldwide. We use FedEx/DTDC for shipping.</p>\r\n\r\n<p>Standard Shipping is usually 3-7 Working days for orders within India and 12-15 Working days for International Orders, but usually faster. IF your order doesn’t reach you in time, you may write to us at support@abcclothing.com</p>\r\n\r\n<p><strong>International Orders</strong></p>\r\n\r\n<p>For international orders, please note, your shipping will be calculated at the time of Check out only, this is a System Generated amount, based on your Zip Code, Region and Order Weight. (Approx Costs Rs.1250-1500 for 500 gms – International Shipment, subject to region)</p>\r\n\r\n<p><strong>Tracking</strong></p>\r\n\r\n<p>For tracking your order go to the following website, it will require your tracking ID which is sent via mail in your invoice.</p>\r\n', 1, 1, '2016-12-13 08:58:00', '2016-12-13 03:29:34', '2016-12-13 03:29:34'),
(7, 'RETURN & CANCELLATION', 'return-cancellation', '<p>Size doesn’t fit you or the Apparel/ Product is damaged/ defective can be returned in its original packing within 7 days of delivery. Once we have verified the damage, defect and/or error, you shall receive a replacement or a full refund for the Product in the original means of payment.</p>\r\n\r\n<p><br />\r\nThe B Clothing reserves the right to refuse a payment on a return of product purchased from www.thebclothing.com if the product is not received in its original condition, or is received damaged or has been used. All products to be returned must be notified to The B Clothing within 7 Days of receipt of your order..</p>\r\n\r\n<p><br />\r\nIn case of International shipments, customers may return any products that they have a size issue with if they are willing to bear the shipping costs. In case of damaged or defective products, International customers would need to send images of the product in its original packaging to support@abcclothing.com to claim a refund. Also, for damages and defects, the customer must notify ABC Clothing within 2 days of receiving the product.</p>\r\n\r\n<p><br />\r\nIn case of any returns that are approved, the purchase amount will be refunded to the customer within 15 business days upon receipt of return package, deducting any applicable return-processing fee.</p>\r\n\r\n<p><br />\r\nThe following mode of refund payments will be used:<br />\r\n• If online payment, then amount will be refunded online.</p>\r\n\r\n<p><br />\r\nAny requests for cancellation of orders placed should be made immediately by contacting support@abc clothing.com. If the order has been processed or shipped, the applicable order cancellation charges will be applied.</p>\r\n\r\n<p> </p>\r\n', 1, 1, '2016-12-13 08:59:00', '2016-12-13 03:30:14', '2016-12-13 03:30:14');

-- --------------------------------------------------------

--
-- Table structure for table `kb_article_relationship`
--

CREATE TABLE `kb_article_relationship` (
  `id` int(10) UNSIGNED NOT NULL,
  `article_id` int(10) UNSIGNED NOT NULL,
  `category_id` int(10) UNSIGNED NOT NULL,
  `created_at` timestamp NULL DEFAULT NULL,
  `updated_at` timestamp NULL DEFAULT NULL
) ENGINE=InnoDB DEFAULT CHARSET=utf8 COLLATE=utf8_unicode_ci;

--
-- Dumping data for table `kb_article_relationship`
--

INSERT INTO `kb_article_relationship` (`id`, `article_id`, `category_id`, `created_at`, `updated_at`) VALUES
(1, 1, 2, NULL, NULL),
(2, 2, 1, NULL, NULL),
(3, 3, 1, NULL, NULL),
(4, 4, 1, NULL, NULL),
(5, 5, 2, NULL, NULL),
(6, 6, 2, NULL, NULL),
(7, 7, 1, NULL, NULL);

-- --------------------------------------------------------

--
-- Table structure for table `kb_category`
--

CREATE TABLE `kb_category` (
  `id` int(10) UNSIGNED NOT NULL,
  `name` varchar(255) COLLATE utf8_unicode_ci NOT NULL,
  `slug` varchar(255) COLLATE utf8_unicode_ci NOT NULL,
  `description` text COLLATE utf8_unicode_ci NOT NULL,
  `status` tinyint(1) NOT NULL,
  `parent` int(11) NOT NULL,
  `created_at` timestamp NULL DEFAULT NULL,
  `updated_at` timestamp NULL DEFAULT NULL
) ENGINE=InnoDB DEFAULT CHARSET=utf8 COLLATE=utf8_unicode_ci;

--
-- Dumping data for table `kb_category`
--

INSERT INTO `kb_category` (`id`, `name`, `slug`, `description`, `status`, `parent`, `created_at`, `updated_at`) VALUES
(1, 'Issue Handeling', 'issue-handeling', 'These are the list of error handling issue.', 1, 0, '2016-12-13 03:23:54', '2016-12-13 03:23:54'),
(2, 'Policy', 'policy', 'These are the policies defined by this organization.', 1, 0, '2016-12-13 03:24:38', '2016-12-13 03:24:38');

-- --------------------------------------------------------

--
-- Table structure for table `kb_comment`
--

CREATE TABLE `kb_comment` (
  `id` int(10) UNSIGNED NOT NULL,
  `article_id` int(10) UNSIGNED NOT NULL,
  `name` varchar(255) COLLATE utf8_unicode_ci NOT NULL,
  `email` varchar(255) COLLATE utf8_unicode_ci NOT NULL,
  `website` varchar(255) COLLATE utf8_unicode_ci NOT NULL,
  `comment` varchar(255) COLLATE utf8_unicode_ci NOT NULL,
  `status` tinyint(1) NOT NULL,
  `created_at` timestamp NULL DEFAULT NULL,
  `updated_at` timestamp NULL DEFAULT NULL
) ENGINE=InnoDB DEFAULT CHARSET=utf8 COLLATE=utf8_unicode_ci;

-- --------------------------------------------------------

--
-- Table structure for table `kb_pages`
--

CREATE TABLE `kb_pages` (
  `id` int(10) UNSIGNED NOT NULL,
  `name` varchar(255) COLLATE utf8_unicode_ci NOT NULL,
  `status` tinyint(1) NOT NULL,
  `visibility` tinyint(1) NOT NULL,
  `slug` varchar(255) COLLATE utf8_unicode_ci NOT NULL,
  `description` text COLLATE utf8_unicode_ci NOT NULL,
  `created_at` timestamp NULL DEFAULT NULL,
  `updated_at` timestamp NULL DEFAULT NULL
) ENGINE=InnoDB DEFAULT CHARSET=utf8 COLLATE=utf8_unicode_ci;

-- --------------------------------------------------------

--
-- Table structure for table `kb_settings`
--

CREATE TABLE `kb_settings` (
  `id` int(10) UNSIGNED NOT NULL,
  `pagination` int(11) NOT NULL,
  `created_at` timestamp NULL DEFAULT NULL,
  `updated_at` timestamp NULL DEFAULT NULL
) ENGINE=InnoDB DEFAULT CHARSET=utf8 COLLATE=utf8_unicode_ci;

--
-- Dumping data for table `kb_settings`
--

INSERT INTO `kb_settings` (`id`, `pagination`, `created_at`, `updated_at`) VALUES
(1, 10, '2016-12-13 03:19:32', '2016-12-13 03:19:32');

-- --------------------------------------------------------

--
-- Table structure for table `languages`
--

CREATE TABLE `languages` (
  `id` int(10) UNSIGNED NOT NULL,
  `name` varchar(255) COLLATE utf8_unicode_ci NOT NULL,
  `locale` varchar(255) COLLATE utf8_unicode_ci NOT NULL
) ENGINE=InnoDB DEFAULT CHARSET=utf8 COLLATE=utf8_unicode_ci;

--
-- Dumping data for table `languages`
--

INSERT INTO `languages` (`id`, `name`, `locale`) VALUES
(1, 'English', 'en'),
(2, 'Italian', 'it'),
(3, 'German', 'de'),
(4, 'French', 'fr'),
(5, 'Brazilian Portuguese', 'pt_BR'),
(6, 'Dutch', 'nl'),
(7, 'Spanish', 'es'),
(8, 'Norwegian', 'nb_NO'),
(9, 'Danish', 'da');

-- --------------------------------------------------------

--
-- Table structure for table `login_attempts`
--

CREATE TABLE `login_attempts` (
  `id` int(10) UNSIGNED NOT NULL,
  `User` varchar(255) COLLATE utf8_unicode_ci NOT NULL,
  `IP` varchar(255) COLLATE utf8_unicode_ci NOT NULL,
  `Attempts` varchar(255) COLLATE utf8_unicode_ci NOT NULL,
  `LastLogin` datetime NOT NULL,
  `created_at` timestamp NULL DEFAULT NULL,
  `updated_at` timestamp NULL DEFAULT NULL
) ENGINE=InnoDB DEFAULT CHARSET=utf8 COLLATE=utf8_unicode_ci;

--
-- Dumping data for table `login_attempts`
--

INSERT INTO `login_attempts` (`id`, `User`, `IP`, `Attempts`, `LastLogin`, `created_at`, `updated_at`) VALUES
(1, '', '', '', '0000-00-00 00:00:00', '2016-12-13 03:19:53', '2016-12-13 03:19:53');

-- --------------------------------------------------------

--
-- Table structure for table `log_notification`
--

CREATE TABLE `log_notification` (
  `id` int(10) UNSIGNED NOT NULL,
  `log` varchar(255) COLLATE utf8_unicode_ci NOT NULL,
  `created_at` timestamp NULL DEFAULT NULL,
  `updated_at` timestamp NULL DEFAULT NULL
) ENGINE=InnoDB DEFAULT CHARSET=utf8 COLLATE=utf8_unicode_ci;

--
-- Dumping data for table `log_notification`
--

INSERT INTO `log_notification` (`id`, `log`, `created_at`, `updated_at`) VALUES
(1, 'NOT-1', '2016-12-13 03:19:29', '2016-12-13 03:19:29');

-- --------------------------------------------------------

--
-- Table structure for table `mailbox_protocol`
--

CREATE TABLE `mailbox_protocol` (
  `id` int(10) UNSIGNED NOT NULL,
  `name` varchar(255) COLLATE utf8_unicode_ci NOT NULL,
  `value` varchar(50) COLLATE utf8_unicode_ci DEFAULT NULL
) ENGINE=InnoDB DEFAULT CHARSET=utf8 COLLATE=utf8_unicode_ci;

--
-- Dumping data for table `mailbox_protocol`
--

INSERT INTO `mailbox_protocol` (`id`, `name`, `value`) VALUES
(1, 'IMAP', '/imap'),
(2, 'IMAP+SSL', '/imap/ssl'),
(3, 'IMAP+TLS', '/imap/tls'),
(4, 'IMAP+SSL/No-validate', '/imap/ssl/novalidate-cert');

-- --------------------------------------------------------

--
-- Table structure for table `mail_services`
--

CREATE TABLE `mail_services` (
  `id` int(10) UNSIGNED NOT NULL,
  `name` varchar(255) COLLATE utf8_unicode_ci NOT NULL,
  `short_name` varchar(255) COLLATE utf8_unicode_ci NOT NULL,
  `created_at` timestamp NULL DEFAULT NULL,
  `updated_at` timestamp NULL DEFAULT NULL
) ENGINE=InnoDB DEFAULT CHARSET=utf8 COLLATE=utf8_unicode_ci;

--
-- Dumping data for table `mail_services`
--

INSERT INTO `mail_services` (`id`, `name`, `short_name`, `created_at`, `updated_at`) VALUES
(1, 'SMTP', 'smtp', '2016-12-13 03:19:08', '2016-12-13 03:19:08'),
(2, 'Php Mail', 'mail', '2016-12-13 03:19:08', '2016-12-13 03:19:08'),
(3, 'Send Mail', 'sendmail', '2016-12-13 03:19:08', '2016-12-13 03:19:08'),
(4, 'Mailgun', 'mailgun', '2016-12-13 03:19:08', '2016-12-13 03:19:08'),
(5, 'Mandrill', 'mandrill', '2016-12-13 03:19:09', '2016-12-13 03:19:09'),
(6, 'Log file', 'log', '2016-12-13 03:19:09', '2016-12-13 03:19:09');

-- --------------------------------------------------------

--
-- Table structure for table `migrations`
--

CREATE TABLE `migrations` (
  `migration` varchar(255) COLLATE utf8_unicode_ci NOT NULL,
  `batch` int(11) NOT NULL,
  `id` int(11) NOT NULL
) ENGINE=InnoDB DEFAULT CHARSET=utf8 COLLATE=utf8_unicode_ci;

--
-- Dumping data for table `migrations`
--

INSERT INTO `migrations` (`migration`, `batch`, `id`) VALUES
('2016_02_16_140450_create_banlist_table', 1, 1),
('2016_02_16_140450_create_canned_response_table', 1, 2),
('2016_02_16_140450_create_custom_form_fields_table', 1, 3),
('2016_02_16_140450_create_custom_forms_table', 1, 4),
('2016_02_16_140450_create_date_format_table', 1, 5),
('2016_02_16_140450_create_date_time_format_table', 1, 6),
('2016_02_16_140450_create_department_table', 1, 7),
('2016_02_16_140450_create_emails_table', 1, 8),
('2016_02_16_140450_create_group_assign_department_table', 1, 9),
('2016_02_16_140450_create_groups_table', 1, 10),
('2016_02_16_140450_create_help_topic_table', 1, 11),
('2016_02_16_140450_create_kb_article_relationship_table', 1, 12),
('2016_02_16_140450_create_kb_article_table', 1, 13),
('2016_02_16_140450_create_kb_category_table', 1, 14),
('2016_02_16_140450_create_kb_comment_table', 1, 15),
('2016_02_16_140450_create_kb_pages_table', 1, 16),
('2016_02_16_140450_create_kb_settings_table', 1, 17),
('2016_02_16_140450_create_languages_table', 1, 18),
('2016_02_16_140450_create_log_notification_table', 1, 19),
('2016_02_16_140450_create_mailbox_protocol_table', 1, 20),
('2016_02_16_140450_create_organization_table', 1, 21),
('2016_02_16_140450_create_password_resets_table', 1, 22),
('2016_02_16_140450_create_plugins_table', 1, 23),
('2016_02_16_140450_create_settings_alert_notice_table', 1, 24),
('2016_02_16_140450_create_settings_auto_response_table', 1, 25),
('2016_02_16_140450_create_settings_company_table', 1, 26),
('2016_02_16_140450_create_settings_email_table', 1, 27),
('2016_02_16_140450_create_settings_ratings_table', 1, 28),
('2016_02_16_140450_create_settings_system_table', 1, 29),
('2016_02_16_140450_create_settings_ticket_table', 1, 30),
('2016_02_16_140450_create_sla_plan_table', 1, 31),
('2016_02_16_140450_create_team_assign_agent_table', 1, 32),
('2016_02_16_140450_create_teams_table', 1, 33),
('2016_02_16_140450_create_template_table', 1, 34),
('2016_02_16_140450_create_ticket_attachment_table', 1, 35),
('2016_02_16_140450_create_ticket_collaborator_table', 1, 36),
('2016_02_16_140450_create_ticket_form_data_table', 1, 37),
('2016_02_16_140450_create_ticket_priority_table', 1, 38),
('2016_02_16_140450_create_ticket_source_table', 1, 39),
('2016_02_16_140450_create_ticket_status_table', 1, 40),
('2016_02_16_140450_create_ticket_thread_table', 1, 41),
('2016_02_16_140450_create_tickets_table', 1, 42),
('2016_02_16_140450_create_time_format_table', 1, 43),
('2016_02_16_140450_create_timezone_table', 1, 44),
('2016_02_16_140450_create_user_assign_organization_table', 1, 45),
('2016_02_16_140450_create_users_table', 1, 46),
('2016_02_16_140450_create_version_check_table', 1, 47),
('2016_02_16_140450_create_widgets_table', 1, 48),
('2016_02_16_140454_add_foreign_keys_to_canned_response_table', 1, 49),
('2016_02_16_140454_add_foreign_keys_to_department_table', 1, 50),
('2016_02_16_140454_add_foreign_keys_to_emails_table', 1, 51),
('2016_02_16_140454_add_foreign_keys_to_group_assign_department_table', 1, 52),
('2016_02_16_140454_add_foreign_keys_to_help_topic_table', 1, 53),
('2016_02_16_140454_add_foreign_keys_to_kb_article_relationship_table', 1, 54),
('2016_02_16_140454_add_foreign_keys_to_kb_comment_table', 1, 55),
('2016_02_16_140454_add_foreign_keys_to_organization_table', 1, 56),
('2016_02_16_140454_add_foreign_keys_to_settings_system_table', 1, 57),
('2016_02_16_140454_add_foreign_keys_to_team_assign_agent_table', 1, 58),
('2016_02_16_140454_add_foreign_keys_to_teams_table', 1, 59),
('2016_02_16_140454_add_foreign_keys_to_ticket_attachment_table', 1, 60),
('2016_02_16_140454_add_foreign_keys_to_ticket_collaborator_table', 1, 61),
('2016_02_16_140454_add_foreign_keys_to_ticket_form_data_table', 1, 62),
('2016_02_16_140454_add_foreign_keys_to_ticket_thread_table', 1, 63),
('2016_02_16_140454_add_foreign_keys_to_tickets_table', 1, 64),
('2016_02_16_140454_add_foreign_keys_to_user_assign_organization_table', 1, 65),
('2016_02_16_140454_add_foreign_keys_to_users_table', 1, 66),
('2016_03_31_061239_create_notifications_table', 1, 67),
('2016_03_31_061534_create_notification_types_table', 1, 68),
('2016_03_31_061740_create_user_notification_table', 1, 69),
('2016_04_18_115852_create_workflow_name_table', 1, 70),
('2016_04_18_115900_create_workflow_rule_table', 1, 71),
('2016_04_18_115908_create_workflow_action_table', 1, 72),
('2016_05_10_102423_create_country_code_table', 1, 73),
('2016_05_10_102604_create_bar_notifications_table', 1, 74),
('2016_05_11_105244_create_api_settings_table', 1, 75),
('2016_05_19_055008_create_workflow_close_table', 1, 76),
('2016_06_02_072210_create_common_settings_table', 1, 77),
('2016_06_02_074913_create_login_attempts_table', 1, 78),
('2016_06_02_080005_create_ratings_table', 1, 79),
('2016_06_02_081020_create_rating_ref_table', 1, 80),
('2016_06_02_090225_create_settings_security_table', 1, 81),
('2016_06_02_090628_create_templates_table', 1, 82),
('2016_06_02_094409_create_template_sets_table', 1, 83),
('2016_06_02_094420_create_template_types_table', 1, 84),
('2016_06_02_095357_create_ticket_token_table', 1, 85),
('2016_06_28_141613_version1079table', 1, 86),
('2016_07_02_051247_create_jobs_table', 1, 87),
('2016_07_02_051439_create_failed_jobs_table', 1, 88),
('2016_07_19_071910_create_field_values_table', 1, 89),
('2016_07_26_084458_create_faveo_mails_table', 1, 90),
('2016_07_26_090201_create_faveo_queues_table', 1, 91),
('2016_07_26_094753_create_mail_services_table', 1, 92),
('2016_07_26_095020_create_queue_services_table', 1, 93),
('2016_07_29_113012_create_conditions_table', 1, 94),
('2016_08_08_095744_create_social_media_table', 1, 95),
('2016_08_12_104410_create_user_additional_infos_table', 1, 96),
('2016_08_16_104539_alter_ticket_source_table', 1, 97),
('2016_11_30_122809_alter_attachment_table', 2, 98);

-- --------------------------------------------------------

--
-- Table structure for table `notifications`
--

CREATE TABLE `notifications` (
  `id` int(10) UNSIGNED NOT NULL,
  `model_id` int(11) NOT NULL,
  `userid_created` int(11) NOT NULL,
  `type_id` int(11) NOT NULL,
  `created_at` timestamp NULL DEFAULT NULL,
  `updated_at` timestamp NULL DEFAULT NULL
) ENGINE=InnoDB DEFAULT CHARSET=utf8 COLLATE=utf8_unicode_ci;

--
-- Dumping data for table `notifications`
--

INSERT INTO `notifications` (`id`, `model_id`, `userid_created`, `type_id`, `created_at`, `updated_at`) VALUES
(1, 1, 4, 3, '2016-12-13 03:45:19', '2016-12-13 03:45:19'),
(2, 2, 5, 3, '2016-12-13 03:50:56', '2016-12-13 03:50:56'),
(3, 3, 6, 3, '2016-12-13 03:55:55', '2016-12-13 03:55:55'),
(4, 4, 7, 3, '2016-12-13 03:58:40', '2016-12-13 03:58:40'),
(5, 4, 1, 2, '2016-12-13 04:01:55', '2016-12-13 04:01:55'),
(6, 5, 7, 3, '2016-12-13 04:02:49', '2016-12-13 04:02:49'),
(7, 6, 5, 3, '2016-12-13 04:03:44', '2016-12-13 04:03:44');

-- --------------------------------------------------------

--
-- Table structure for table `notification_types`
--

CREATE TABLE `notification_types` (
  `id` int(10) UNSIGNED NOT NULL,
  `message` varchar(255) COLLATE utf8_unicode_ci NOT NULL,
  `type` varchar(255) COLLATE utf8_unicode_ci NOT NULL,
  `icon_class` varchar(255) COLLATE utf8_unicode_ci NOT NULL,
  `created_at` timestamp NULL DEFAULT NULL,
  `updated_at` timestamp NULL DEFAULT NULL
) ENGINE=InnoDB DEFAULT CHARSET=utf8 COLLATE=utf8_unicode_ci;

--
-- Dumping data for table `notification_types`
--

INSERT INTO `notification_types` (`id`, `message`, `type`, `icon_class`, `created_at`, `updated_at`) VALUES
(1, 'A new user is registered', 'registration', 'fa fa-user', '2016-12-13 03:19:14', '2016-12-13 03:19:14'),
(2, 'You have a new reply on this ticket', 'reply', 'fa fa-envelope', '2016-12-13 03:19:14', '2016-12-13 03:19:14'),
(3, 'A new ticket has been created', 'new_ticket', 'fa fa-envelope', '2016-12-13 03:19:14', '2016-12-13 03:19:14');

-- --------------------------------------------------------

--
-- Table structure for table `organization`
--

CREATE TABLE `organization` (
  `id` int(10) UNSIGNED NOT NULL,
  `name` varchar(255) COLLATE utf8_unicode_ci NOT NULL,
  `phone` varchar(255) COLLATE utf8_unicode_ci NOT NULL,
  `website` varchar(255) COLLATE utf8_unicode_ci NOT NULL,
  `address` varchar(255) COLLATE utf8_unicode_ci NOT NULL,
  `head` int(10) UNSIGNED DEFAULT NULL,
  `internal_notes` varchar(255) COLLATE utf8_unicode_ci NOT NULL,
  `created_at` timestamp NULL DEFAULT NULL,
  `updated_at` timestamp NULL DEFAULT NULL
) ENGINE=InnoDB DEFAULT CHARSET=utf8 COLLATE=utf8_unicode_ci;

-- --------------------------------------------------------

--
-- Table structure for table `password_resets`
--

CREATE TABLE `password_resets` (
  `email` varchar(255) COLLATE utf8_unicode_ci NOT NULL,
  `token` varchar(255) COLLATE utf8_unicode_ci NOT NULL,
  `created_at` datetime NOT NULL DEFAULT '0000-00-00 00:00:00'
) ENGINE=InnoDB DEFAULT CHARSET=utf8 COLLATE=utf8_unicode_ci;

-- --------------------------------------------------------

--
-- Table structure for table `plugins`
--

CREATE TABLE `plugins` (
  `id` int(10) UNSIGNED NOT NULL,
  `name` varchar(255) COLLATE utf8_unicode_ci NOT NULL,
  `path` varchar(255) COLLATE utf8_unicode_ci NOT NULL,
  `status` int(11) NOT NULL,
  `created_at` timestamp NULL DEFAULT NULL,
  `updated_at` timestamp NULL DEFAULT NULL
) ENGINE=InnoDB DEFAULT CHARSET=utf8 COLLATE=utf8_unicode_ci;

-- --------------------------------------------------------

--
-- Table structure for table `queue_services`
--

CREATE TABLE `queue_services` (
  `id` int(10) UNSIGNED NOT NULL,
  `name` varchar(255) COLLATE utf8_unicode_ci NOT NULL,
  `short_name` varchar(255) COLLATE utf8_unicode_ci NOT NULL,
  `status` int(11) NOT NULL,
  `created_at` timestamp NULL DEFAULT NULL,
  `updated_at` timestamp NULL DEFAULT NULL
) ENGINE=InnoDB DEFAULT CHARSET=utf8 COLLATE=utf8_unicode_ci;

--
-- Dumping data for table `queue_services`
--

INSERT INTO `queue_services` (`id`, `name`, `short_name`, `status`, `created_at`, `updated_at`) VALUES
(1, 'Sync', 'sync', 1, '2016-12-13 03:19:09', '2016-12-13 03:19:09'),
(2, 'Database', 'database', 0, '2016-12-13 03:19:09', '2016-12-13 03:19:09'),
(3, 'Beanstalkd', 'beanstalkd', 0, '2016-12-13 03:19:09', '2016-12-13 03:19:09'),
(4, 'SQS', 'sqs', 0, '2016-12-13 03:19:09', '2016-12-13 03:19:09'),
(5, 'Iron', 'iron', 0, '2016-12-13 03:19:09', '2016-12-13 03:19:09'),
(6, 'Redis', 'redis', 0, '2016-12-13 03:19:09', '2016-12-13 03:19:09');

-- --------------------------------------------------------

--
-- Table structure for table `ratings`
--

CREATE TABLE `ratings` (
  `id` int(10) UNSIGNED NOT NULL,
  `name` varchar(255) COLLATE utf8_unicode_ci NOT NULL,
  `display_order` int(11) NOT NULL,
  `allow_modification` int(11) NOT NULL,
  `rating_scale` int(11) NOT NULL,
  `rating_area` varchar(255) COLLATE utf8_unicode_ci NOT NULL,
  `restrict` varchar(255) COLLATE utf8_unicode_ci NOT NULL,
  `created_at` timestamp NULL DEFAULT NULL,
  `updated_at` timestamp NULL DEFAULT NULL
) ENGINE=InnoDB DEFAULT CHARSET=utf8 COLLATE=utf8_unicode_ci;

--
-- Dumping data for table `ratings`
--

INSERT INTO `ratings` (`id`, `name`, `display_order`, `allow_modification`, `rating_scale`, `rating_area`, `restrict`, `created_at`, `updated_at`) VALUES
(1, 'OverAll Satisfaction', 1, 1, 5, 'Helpdesk Area', '', '2016-12-13 03:19:53', '2016-12-13 03:19:53'),
(2, 'Reply Rating', 1, 1, 5, 'Comment Area', '', '2016-12-13 03:19:53', '2016-12-13 03:19:53');

-- --------------------------------------------------------

--
-- Table structure for table `rating_ref`
--

CREATE TABLE `rating_ref` (
  `id` int(10) UNSIGNED NOT NULL,
  `rating_id` int(11) NOT NULL,
  `ticket_id` int(11) NOT NULL,
  `thread_id` int(11) NOT NULL,
  `rating_value` int(11) NOT NULL,
  `created_at` timestamp NULL DEFAULT NULL,
  `updated_at` timestamp NULL DEFAULT NULL
) ENGINE=InnoDB DEFAULT CHARSET=utf8 COLLATE=utf8_unicode_ci;

-- --------------------------------------------------------

--
-- Table structure for table `settings_alert_notice`
--

CREATE TABLE `settings_alert_notice` (
  `id` int(10) UNSIGNED NOT NULL,
  `ticket_status` tinyint(1) NOT NULL,
  `ticket_admin_email` tinyint(1) NOT NULL,
  `ticket_department_manager` tinyint(1) NOT NULL,
  `ticket_department_member` tinyint(1) NOT NULL,
  `ticket_organization_accmanager` tinyint(1) NOT NULL,
  `message_status` tinyint(1) NOT NULL,
  `message_last_responder` tinyint(1) NOT NULL,
  `message_assigned_agent` tinyint(1) NOT NULL,
  `message_department_manager` tinyint(1) NOT NULL,
  `message_organization_accmanager` tinyint(1) NOT NULL,
  `internal_status` tinyint(1) NOT NULL,
  `internal_last_responder` tinyint(1) NOT NULL,
  `internal_assigned_agent` tinyint(1) NOT NULL,
  `internal_department_manager` tinyint(1) NOT NULL,
  `assignment_status` tinyint(1) NOT NULL,
  `assignment_assigned_agent` tinyint(1) NOT NULL,
  `assignment_team_leader` tinyint(1) NOT NULL,
  `assignment_team_member` tinyint(1) NOT NULL,
  `transfer_status` tinyint(1) NOT NULL,
  `transfer_assigned_agent` tinyint(1) NOT NULL,
  `transfer_department_manager` tinyint(1) NOT NULL,
  `transfer_department_member` tinyint(1) NOT NULL,
  `overdue_status` tinyint(1) NOT NULL,
  `overdue_assigned_agent` tinyint(1) NOT NULL,
  `overdue_department_manager` tinyint(1) NOT NULL,
  `overdue_department_member` tinyint(1) NOT NULL,
  `system_error` tinyint(1) NOT NULL,
  `sql_error` tinyint(1) NOT NULL,
  `excessive_failure` tinyint(1) NOT NULL,
  `created_at` timestamp NULL DEFAULT NULL,
  `updated_at` timestamp NULL DEFAULT NULL
) ENGINE=InnoDB DEFAULT CHARSET=utf8 COLLATE=utf8_unicode_ci;

--
-- Dumping data for table `settings_alert_notice`
--

INSERT INTO `settings_alert_notice` (`id`, `ticket_status`, `ticket_admin_email`, `ticket_department_manager`, `ticket_department_member`, `ticket_organization_accmanager`, `message_status`, `message_last_responder`, `message_assigned_agent`, `message_department_manager`, `message_organization_accmanager`, `internal_status`, `internal_last_responder`, `internal_assigned_agent`, `internal_department_manager`, `assignment_status`, `assignment_assigned_agent`, `assignment_team_leader`, `assignment_team_member`, `transfer_status`, `transfer_assigned_agent`, `transfer_department_manager`, `transfer_department_member`, `overdue_status`, `overdue_assigned_agent`, `overdue_department_manager`, `overdue_department_member`, `system_error`, `sql_error`, `excessive_failure`, `created_at`, `updated_at`) VALUES
(1, 1, 1, 0, 0, 0, 0, 0, 0, 0, 0, 0, 0, 0, 0, 1, 1, 0, 0, 0, 0, 0, 0, 0, 0, 0, 0, 0, 0, 0, '2016-12-13 03:19:29', '2016-12-13 03:19:29');

-- --------------------------------------------------------

--
-- Table structure for table `settings_auto_response`
--

CREATE TABLE `settings_auto_response` (
  `id` int(10) UNSIGNED NOT NULL,
  `new_ticket` tinyint(1) NOT NULL,
  `agent_new_ticket` tinyint(1) NOT NULL,
  `submitter` tinyint(1) NOT NULL,
  `participants` tinyint(1) NOT NULL,
  `overlimit` tinyint(1) NOT NULL,
  `created_at` timestamp NULL DEFAULT NULL,
  `updated_at` timestamp NULL DEFAULT NULL
) ENGINE=InnoDB DEFAULT CHARSET=utf8 COLLATE=utf8_unicode_ci;

--
-- Dumping data for table `settings_auto_response`
--

INSERT INTO `settings_auto_response` (`id`, `new_ticket`, `agent_new_ticket`, `submitter`, `participants`, `overlimit`, `created_at`, `updated_at`) VALUES
(1, 1, 1, 0, 0, 0, '2016-12-13 03:19:29', '2016-12-13 03:19:29');

-- --------------------------------------------------------

--
-- Table structure for table `settings_company`
--

CREATE TABLE `settings_company` (
  `id` int(10) UNSIGNED NOT NULL,
  `company_name` varchar(255) COLLATE utf8_unicode_ci NOT NULL,
  `website` varchar(255) COLLATE utf8_unicode_ci NOT NULL,
  `phone` varchar(255) COLLATE utf8_unicode_ci NOT NULL,
  `address` varchar(255) COLLATE utf8_unicode_ci NOT NULL,
  `landing_page` varchar(255) COLLATE utf8_unicode_ci NOT NULL,
  `offline_page` varchar(255) COLLATE utf8_unicode_ci NOT NULL,
  `thank_page` varchar(255) COLLATE utf8_unicode_ci NOT NULL,
  `logo` varchar(255) COLLATE utf8_unicode_ci NOT NULL,
  `use_logo` varchar(255) COLLATE utf8_unicode_ci NOT NULL,
  `created_at` timestamp NULL DEFAULT NULL,
  `updated_at` timestamp NULL DEFAULT NULL
) ENGINE=InnoDB DEFAULT CHARSET=utf8 COLLATE=utf8_unicode_ci;

--
-- Dumping data for table `settings_company`
--

INSERT INTO `settings_company` (`id`, `company_name`, `website`, `phone`, `address`, `landing_page`, `offline_page`, `thank_page`, `logo`, `use_logo`, `created_at`, `updated_at`) VALUES
(1, 'ABC Clothing', '', '', '', '', '', '', '', '0', '2016-12-13 03:19:29', '2016-12-13 03:30:41');

-- --------------------------------------------------------

--
-- Table structure for table `settings_email`
--

CREATE TABLE `settings_email` (
  `id` int(10) UNSIGNED NOT NULL,
  `template` varchar(255) COLLATE utf8_unicode_ci NOT NULL,
  `sys_email` varchar(255) COLLATE utf8_unicode_ci DEFAULT NULL,
  `alert_email` varchar(255) COLLATE utf8_unicode_ci NOT NULL,
  `admin_email` varchar(255) COLLATE utf8_unicode_ci NOT NULL,
  `mta` varchar(255) COLLATE utf8_unicode_ci NOT NULL,
  `email_fetching` tinyint(1) NOT NULL,
  `notification_cron` tinyint(1) NOT NULL,
  `strip` tinyint(1) NOT NULL,
  `separator` tinyint(1) NOT NULL,
  `all_emails` tinyint(1) NOT NULL,
  `email_collaborator` tinyint(1) NOT NULL,
  `attachment` tinyint(1) NOT NULL,
  `created_at` timestamp NULL DEFAULT NULL,
  `updated_at` timestamp NULL DEFAULT NULL
) ENGINE=InnoDB DEFAULT CHARSET=utf8 COLLATE=utf8_unicode_ci;

--
-- Dumping data for table `settings_email`
--

INSERT INTO `settings_email` (`id`, `template`, `sys_email`, `alert_email`, `admin_email`, `mta`, `email_fetching`, `notification_cron`, `strip`, `separator`, `all_emails`, `email_collaborator`, `attachment`, `created_at`, `updated_at`) VALUES
(1, 'default', NULL, '', '', '', 1, 1, 0, 0, 1, 1, 1, '2016-12-13 03:19:29', '2016-12-13 03:19:29');

-- --------------------------------------------------------

--
-- Table structure for table `settings_ratings`
--

CREATE TABLE `settings_ratings` (
  `id` int(10) UNSIGNED NOT NULL,
  `rating_name` varchar(255) COLLATE utf8_unicode_ci NOT NULL,
  `publish` int(11) NOT NULL,
  `modify` int(11) NOT NULL,
  `slug` varchar(255) COLLATE utf8_unicode_ci NOT NULL,
  `created_at` timestamp NULL DEFAULT NULL,
  `updated_at` timestamp NULL DEFAULT NULL
) ENGINE=InnoDB DEFAULT CHARSET=utf8 COLLATE=utf8_unicode_ci;

-- --------------------------------------------------------

--
-- Table structure for table `settings_security`
--

CREATE TABLE `settings_security` (
  `id` int(10) UNSIGNED NOT NULL,
  `lockout_message` varchar(255) COLLATE utf8_unicode_ci NOT NULL,
  `backlist_offender` int(11) NOT NULL,
  `backlist_threshold` int(11) NOT NULL,
  `lockout_period` int(11) NOT NULL,
  `days_to_keep_logs` int(11) NOT NULL,
  `created_at` timestamp NULL DEFAULT NULL,
  `updated_at` timestamp NULL DEFAULT NULL
) ENGINE=InnoDB DEFAULT CHARSET=utf8 COLLATE=utf8_unicode_ci;

--
-- Dumping data for table `settings_security`
--

INSERT INTO `settings_security` (`id`, `lockout_message`, `backlist_offender`, `backlist_threshold`, `lockout_period`, `days_to_keep_logs`, `created_at`, `updated_at`) VALUES
(1, 'You have been locked out of application due to too many failed login attempts.', 0, 15, 15, 0, '2016-12-13 03:19:47', '2016-12-13 03:19:47');

-- --------------------------------------------------------

--
-- Table structure for table `settings_system`
--

CREATE TABLE `settings_system` (
  `id` int(10) UNSIGNED NOT NULL,
  `status` tinyint(1) NOT NULL,
  `url` varchar(255) COLLATE utf8_unicode_ci NOT NULL,
  `name` varchar(255) COLLATE utf8_unicode_ci NOT NULL,
  `department` varchar(255) COLLATE utf8_unicode_ci NOT NULL,
  `page_size` varchar(255) COLLATE utf8_unicode_ci NOT NULL,
  `log_level` varchar(255) COLLATE utf8_unicode_ci NOT NULL,
  `purge_log` varchar(255) COLLATE utf8_unicode_ci NOT NULL,
  `api_enable` int(11) NOT NULL,
  `api_key_mandatory` int(11) NOT NULL,
  `api_key` varchar(255) COLLATE utf8_unicode_ci NOT NULL,
  `name_format` varchar(255) COLLATE utf8_unicode_ci NOT NULL,
  `time_farmat` int(10) UNSIGNED DEFAULT NULL,
  `date_format` int(10) UNSIGNED DEFAULT NULL,
  `date_time_format` int(10) UNSIGNED DEFAULT NULL,
  `day_date_time` varchar(255) COLLATE utf8_unicode_ci NOT NULL,
  `time_zone` int(10) UNSIGNED DEFAULT NULL,
  `content` varchar(255) COLLATE utf8_unicode_ci NOT NULL,
  `version` varchar(255) COLLATE utf8_unicode_ci NOT NULL,
  `created_at` timestamp NULL DEFAULT NULL,
  `updated_at` timestamp NULL DEFAULT NULL
) ENGINE=InnoDB DEFAULT CHARSET=utf8 COLLATE=utf8_unicode_ci;

--
-- Dumping data for table `settings_system`
--

INSERT INTO `settings_system` (`id`, `status`, `url`, `name`, `department`, `page_size`, `log_level`, `purge_log`, `api_enable`, `api_key_mandatory`, `api_key`, `name_format`, `time_farmat`, `date_format`, `date_time_format`, `day_date_time`, `time_zone`, `content`, `version`, `created_at`, `updated_at`) VALUES
(1, 1, '', '', '1', '', '', '', 0, 0, '', '', NULL, NULL, 1, '', 32, '', '1.10.1', '2016-12-13 03:19:29', '2016-12-13 03:19:29');

-- --------------------------------------------------------

--
-- Table structure for table `settings_ticket`
--

CREATE TABLE `settings_ticket` (
  `id` int(10) UNSIGNED NOT NULL,
  `num_format` varchar(255) COLLATE utf8_unicode_ci NOT NULL,
  `num_sequence` varchar(255) COLLATE utf8_unicode_ci NOT NULL,
  `priority` varchar(255) COLLATE utf8_unicode_ci NOT NULL,
  `sla` varchar(255) COLLATE utf8_unicode_ci NOT NULL,
  `help_topic` varchar(255) COLLATE utf8_unicode_ci NOT NULL,
  `max_open_ticket` varchar(255) COLLATE utf8_unicode_ci NOT NULL,
  `collision_avoid` varchar(255) COLLATE utf8_unicode_ci NOT NULL,
  `lock_ticket_frequency` varchar(255) COLLATE utf8_unicode_ci NOT NULL DEFAULT '0',
  `captcha` varchar(255) COLLATE utf8_unicode_ci NOT NULL,
  `status` tinyint(1) NOT NULL,
  `claim_response` tinyint(1) NOT NULL,
  `assigned_ticket` tinyint(1) NOT NULL,
  `answered_ticket` tinyint(1) NOT NULL,
  `agent_mask` tinyint(1) NOT NULL,
  `html` tinyint(1) NOT NULL,
  `client_update` tinyint(1) NOT NULL,
  `max_file_size` tinyint(1) NOT NULL,
  `created_at` timestamp NULL DEFAULT NULL,
  `updated_at` timestamp NULL DEFAULT NULL
) ENGINE=InnoDB DEFAULT CHARSET=utf8 COLLATE=utf8_unicode_ci;

--
-- Dumping data for table `settings_ticket`
--

INSERT INTO `settings_ticket` (`id`, `num_format`, `num_sequence`, `priority`, `sla`, `help_topic`, `max_open_ticket`, `collision_avoid`, `lock_ticket_frequency`, `captcha`, `status`, `claim_response`, `assigned_ticket`, `answered_ticket`, `agent_mask`, `html`, `client_update`, `max_file_size`, `created_at`, `updated_at`) VALUES
(1, '$$$$-####-####', 'sequence', '1', '2', '1', '', '2', '0', '', 1, 0, 0, 0, 0, 0, 0, 0, '2016-12-13 03:19:29', '2016-12-13 03:19:29');

-- --------------------------------------------------------

--
-- Table structure for table `sla_plan`
--

CREATE TABLE `sla_plan` (
  `id` int(10) UNSIGNED NOT NULL,
  `name` varchar(255) COLLATE utf8_unicode_ci NOT NULL,
  `grace_period` varchar(255) COLLATE utf8_unicode_ci NOT NULL,
  `admin_note` varchar(255) COLLATE utf8_unicode_ci NOT NULL,
  `status` tinyint(1) NOT NULL,
  `transient` tinyint(1) NOT NULL,
  `ticket_overdue` tinyint(1) NOT NULL,
  `created_at` timestamp NULL DEFAULT NULL,
  `updated_at` timestamp NULL DEFAULT NULL
) ENGINE=InnoDB DEFAULT CHARSET=utf8 COLLATE=utf8_unicode_ci;

--
-- Dumping data for table `sla_plan`
--

INSERT INTO `sla_plan` (`id`, `name`, `grace_period`, `admin_note`, `status`, `transient`, `ticket_overdue`, `created_at`, `updated_at`) VALUES
(1, 'Sla 1', '6 Hours', '', 1, 0, 0, '2016-12-13 03:19:25', '2016-12-13 03:19:25'),
(2, 'Sla 2', '12 Hours', '', 1, 0, 0, '2016-12-13 03:19:25', '2016-12-13 03:19:25'),
(3, 'Sla 3', '24 Hours', '', 1, 0, 0, '2016-12-13 03:19:25', '2016-12-13 03:19:25');

-- --------------------------------------------------------

--
-- Table structure for table `social_media`
--

CREATE TABLE `social_media` (
  `id` int(10) UNSIGNED NOT NULL,
  `provider` varchar(255) COLLATE utf8_unicode_ci NOT NULL,
  `key` varchar(255) COLLATE utf8_unicode_ci NOT NULL,
  `value` varchar(255) COLLATE utf8_unicode_ci NOT NULL,
  `created_at` timestamp NULL DEFAULT NULL,
  `updated_at` timestamp NULL DEFAULT NULL
) ENGINE=InnoDB DEFAULT CHARSET=utf8 COLLATE=utf8_unicode_ci;

-- --------------------------------------------------------

--
-- Table structure for table `teams`
--

CREATE TABLE `teams` (
  `id` int(10) UNSIGNED NOT NULL,
  `name` varchar(255) COLLATE utf8_unicode_ci NOT NULL,
  `status` tinyint(1) NOT NULL,
  `team_lead` int(10) UNSIGNED DEFAULT NULL,
  `assign_alert` tinyint(1) NOT NULL,
  `admin_notes` varchar(255) COLLATE utf8_unicode_ci NOT NULL,
  `created_at` timestamp NULL DEFAULT NULL,
  `updated_at` timestamp NULL DEFAULT NULL
) ENGINE=InnoDB DEFAULT CHARSET=utf8 COLLATE=utf8_unicode_ci;

--
-- Dumping data for table `teams`
--

INSERT INTO `teams` (`id`, `name`, `status`, `team_lead`, `assign_alert`, `admin_notes`, `created_at`, `updated_at`) VALUES
(1, 'Level 1 Support', 1, NULL, 0, '', '2016-12-13 03:19:27', '2016-12-13 03:19:27'),
(2, 'Level 2 Support', 0, NULL, 0, '', '2016-12-13 03:19:27', '2016-12-13 03:19:27'),
(3, 'Developer', 0, NULL, 0, '', '2016-12-13 03:19:27', '2016-12-13 03:19:27');

-- --------------------------------------------------------

--
-- Table structure for table `team_assign_agent`
--

CREATE TABLE `team_assign_agent` (
  `id` int(10) UNSIGNED NOT NULL,
  `team_id` int(10) UNSIGNED DEFAULT NULL,
  `agent_id` int(10) UNSIGNED DEFAULT NULL,
  `created_at` timestamp NULL DEFAULT NULL,
  `updated_at` timestamp NULL DEFAULT NULL
) ENGINE=InnoDB DEFAULT CHARSET=utf8 COLLATE=utf8_unicode_ci;

--
-- Dumping data for table `team_assign_agent`
--

INSERT INTO `team_assign_agent` (`id`, `team_id`, `agent_id`, `created_at`, `updated_at`) VALUES
(1, 1, 2, NULL, NULL),
(2, 1, 3, NULL, NULL);

-- --------------------------------------------------------

--
-- Table structure for table `template`
--

CREATE TABLE `template` (
  `id` int(10) UNSIGNED NOT NULL,
  `name` varchar(255) COLLATE utf8_unicode_ci NOT NULL,
  `status` tinyint(1) NOT NULL,
  `template_set_to_clone` varchar(255) COLLATE utf8_unicode_ci NOT NULL,
  `language` varchar(255) COLLATE utf8_unicode_ci NOT NULL,
  `internal_note` varchar(255) COLLATE utf8_unicode_ci NOT NULL,
  `created_at` timestamp NULL DEFAULT NULL,
  `updated_at` timestamp NULL DEFAULT NULL
) ENGINE=InnoDB DEFAULT CHARSET=utf8 COLLATE=utf8_unicode_ci;

-- --------------------------------------------------------

--
-- Table structure for table `templates`
--

CREATE TABLE `templates` (
  `id` int(10) UNSIGNED NOT NULL,
  `name` varchar(255) COLLATE utf8_unicode_ci NOT NULL,
  `variable` varchar(255) COLLATE utf8_unicode_ci NOT NULL,
  `type` int(11) NOT NULL,
  `subject` varchar(255) COLLATE utf8_unicode_ci NOT NULL,
  `message` text COLLATE utf8_unicode_ci NOT NULL,
  `description` varchar(255) COLLATE utf8_unicode_ci NOT NULL,
  `set_id` int(11) NOT NULL,
  `created_at` timestamp NULL DEFAULT NULL,
  `updated_at` timestamp NULL DEFAULT NULL
) ENGINE=InnoDB DEFAULT CHARSET=utf8 COLLATE=utf8_unicode_ci;

--
-- Dumping data for table `templates`
--

INSERT INTO `templates` (`id`, `name`, `variable`, `type`, `subject`, `message`, `description`, `set_id`, `created_at`, `updated_at`) VALUES
(1, 'This template is for sending notice to agent when ticket is assigned to them', '0', 1, '', '<div>Hello {!!$ticket_agent_name!!},<br /><br /><b>Ticket No:</b> {!!$ticket_number!!}<br />Has been assigned to you by {!!$ticket_assigner!!} <br /> Please check and resppond on the ticket.<br /> Link: {!!$ticket_link!!}<br /><br />Thank You<br />Kind Regards,<br /> {!!$system_from!!}</div>', '', 1, '2016-12-13 03:19:50', '2016-12-13 03:19:50'),
(2, 'This template is for sending notice to client with ticket link to check ticket without logging in to system', '1', 2, 'Check your Ticket', '<div>Hello {!!$user!!},<br /><br />Click the link below to view your requested ticket<br /> {!!$ticket_link_with_number!!}<br /><br />Kind Regards,<br /> {!!$system_from!!}</div>', '', 1, '2016-12-13 03:19:50', '2016-12-13 03:19:50'),
(3, 'This template is for sending notice to client when ticket status is changed to close', '0', 3, '', '<div>Hello,<br /><br />This message is regarding your ticket ID {!!$ticket_number!!}. We are changing the status of this ticket to \"Closed\" as the issue appears to be resolved.<br /><br />Thank you<br />Kind regards,<br /> {!!$system_from!!}</div>', '', 1, '2016-12-13 03:19:50', '2016-12-13 03:19:50'),
(4, 'This template is for sending notice to client on successful ticket creation', '0', 4, '', '<div><span>Hello {!!$user!!}<br /><br /></span><span>Thank you for contacting us. This is an automated response confirming the receipt of your ticket. Our team will get back to you as soon as possible. When replying, please make sure that the ticket ID is kept in the subject so that we can track your replies.<br /><br /></span><span><b>Ticket ID:</b> {!!$ticket_number!!} <br /><br /></span><span> {!!$department_sign!!}<br /></span>You can check the status of or update this ticket online at: {!!$system_link!!}</div>', '', 1, '2016-12-13 03:19:51', '2016-12-13 03:19:51'),
(5, 'This template is for sending notice to agent on new ticket creation', '0', 5, '', '<div>Hello {!!$ticket_agent_name!!},<br /><br />New ticket {!!$ticket_number!!}created <br /><br /><b>From</b><br /><b>Name:</b> {!!$ticket_client_name!!}   <br /><b>E-mail:</b> {!!$ticket_client_email!!}<br /><br /> {!!$content!!}<br /><br />Kind Regards,<br /> {!!$system_from!!}</div>', '', 1, '2016-12-13 03:19:51', '2016-12-13 03:19:51'),
(6, 'This template is for sending notice to client on new ticket created by agent in name of client', '0', 6, '', '<div> {!!$content!!}<br /><br /> {!!$agent_sign!!}<br /><br />You can check the status of or update this ticket online at: {!!$system_link!!}</div>', '', 1, '2016-12-13 03:19:51', '2016-12-13 03:19:51'),
(7, 'This template is for sending notice to client on new registration during new ticket creation for un registered clients', '1', 7, 'Registration Confirmation', '<p>Hello {!!$user!!}, </p><p>This email is confirmation that you are now registered at our helpdesk.</p><p><b>Registered Email:</b> {!!$email_address!!}</p><p><b>Password:</b> {!!$user_password!!}</p><p>You can visit the helpdesk to browse articles and contact us at any time: {!!$system_link!!}</p><p>Thank You.</p><p>Kind Regards,</p><p> {!!$system_from!!} </p>', '', 1, '2016-12-13 03:19:51', '2016-12-13 03:19:51'),
(8, 'This template is for sending notice to any user about reset password option', '1', 8, 'Reset your Password', 'Hello {!!$user!!},<br /><br />You asked to reset your password. To do so, please click this link:<br /><br /> {!!$password_reset_link!!}<br /><br />This will let you change your password to something new. If you didn\'t ask for this, don\'t worry, we\'ll keep your password safe.<br /><br />Thank You.<br /><br />Kind Regards,<br /> {!!$system_from!!}', '', 1, '2016-12-13 03:19:51', '2016-12-13 03:19:51'),
(9, 'This template is for sending notice to client when a reply made to his/her ticket', '0', 9, '', '<span></span><div><span></span><p> {!!$content!!}<br /></p><p> {!!$agent_sign!!} </p><p><b>Ticket Details</b></p><p><b>Ticket ID:</b> {!!$ticket_number!!}</p></div>', '', 1, '2016-12-13 03:19:51', '2016-12-13 03:19:51'),
(10, 'This template is for sending notice to agent when ticket reply is made by client on a ticket', '0', 10, '', '<div>Hello {!!$ticket_agent_name!!},<br /><b><br /></b>A reply been made to ticket {!!$ticket_number!!}<br /><b><br /></b><b>From<br /></b><b>Name: </b>{!!$ticket_client_name!!}<br /><b>E-mail: </b>{!!$ticket_client_email!!}<br /><b><br /></b> {!!$content!!}<br /><b><br /></b>Kind Regards,<br /> {!!$system_from!!}</div>', '', 1, '2016-12-13 03:19:51', '2016-12-13 03:19:51'),
(11, 'This template is for sending notice to client about registration confirmation link', '1', 11, 'Verify your email address', '<p>Hello {!!$user!!}, </p><p>This email is confirmation that you are now registered at our helpdesk.</p><p><b>Registered Email:</b> {!!$email_address!!}</p><p>Please click on the below link to activate your account and Login to the system {!!$password_reset_link!!}</p><p>Thank You.</p><p>Kind Regards,</p><p> {!!$system_from!!} </p>', '', 1, '2016-12-13 03:19:52', '2016-12-13 03:19:52'),
(12, 'This template is for sending notice to team when ticket is assigned to team', '1', 12, '', '<div>Hello {!!$ticket_agent_name!!},<br /><br /><b>Ticket No:</b> {!!$ticket_number!!}<br />Has been assigned to your team : {!!$team!!} by {!!$ticket_assigner!!} <br /><br />Thank You<br />Kind Regards,<br />{!!$system_from!!}</div>', '', 1, '2016-12-13 03:19:52', '2016-12-13 03:19:52'),
(13, 'This template is for sending notice to client when password is changed', '1', 13, 'Verify your email address', 'Hello {!!$user!!},<br /><br />Your password is successfully changed.Your new password is : {!!$user_password!!}<br /><br />Thank You.<br /><br />Kind Regards,<br /> {!!$system_from!!}', '', 1, '2016-12-13 03:19:52', '2016-12-13 03:19:52'),
(14, 'This template is to notify users when their tickets are merged.', '1', 14, 'Your tickets have been merged.', '<p>Hello {!!$user!!},<br />&nbsp;</p><p>Your ticket(s) with ticket number {!!$merged_ticket_numbers!!} have been closed and&nbsp;merged with <a href=\"{!!$ticket_link!!}\">{!!$ticket_number!!}</a>.&nbsp;</p><p>Possible reasons for merging tickets</p><ul><li>Tickets are duplicate</li<li>Tickets state&nbsp;the same issue</li><li>Another member from your organization has created a ticket for the same issue</li></ul><p><a href=\"{!!$system_link!!}\">Click here</a> to login to your account and check your tickets.</p><p>Regards,</p><p>{!!$system_from!!}</p>', '', 1, '2017-01-02 00:20:12', '2017-01-02 00:31:50');

-- --------------------------------------------------------

--
-- Table structure for table `template_sets`
--

CREATE TABLE `template_sets` (
  `id` int(10) UNSIGNED NOT NULL,
  `name` varchar(255) COLLATE utf8_unicode_ci NOT NULL,
  `active` int(11) NOT NULL,
  `created_at` timestamp NULL DEFAULT NULL,
  `updated_at` timestamp NULL DEFAULT NULL
) ENGINE=InnoDB DEFAULT CHARSET=utf8 COLLATE=utf8_unicode_ci;

--
-- Dumping data for table `template_sets`
--

INSERT INTO `template_sets` (`id`, `name`, `active`, `created_at`, `updated_at`) VALUES
(1, 'default', 1, '2016-12-13 03:19:47', '2016-12-13 03:19:47');

-- --------------------------------------------------------

--
-- Table structure for table `template_types`
--

CREATE TABLE `template_types` (
  `id` int(10) UNSIGNED NOT NULL,
  `name` varchar(255) COLLATE utf8_unicode_ci NOT NULL,
  `created_at` timestamp NULL DEFAULT NULL,
  `updated_at` timestamp NULL DEFAULT NULL
) ENGINE=InnoDB DEFAULT CHARSET=utf8 COLLATE=utf8_unicode_ci;

--
-- Dumping data for table `template_types`
--

INSERT INTO `template_types` (`id`, `name`, `created_at`, `updated_at`) VALUES
(1, 'assign-ticket', '2016-12-13 03:19:47', '2016-12-13 03:19:47'),
(2, 'check-ticket', '2016-12-13 03:19:47', '2016-12-13 03:19:47'),
(3, 'close-ticket', '2016-12-13 03:19:47', '2016-12-13 03:19:47'),
(4, 'create-ticket', '2016-12-13 03:19:48', '2016-12-13 03:19:48'),
(5, 'create-ticket-agent', '2016-12-13 03:19:48', '2016-12-13 03:19:48'),
(6, 'create-ticket-by-agent', '2016-12-13 03:19:48', '2016-12-13 03:19:48'),
(7, 'registration-notification', '2016-12-13 03:19:48', '2016-12-13 03:19:48'),
(8, 'reset-password', '2016-12-13 03:19:48', '2016-12-13 03:19:48'),
(9, 'ticket-reply', '2016-12-13 03:19:48', '2016-12-13 03:19:48'),
(10, 'ticket-reply-agent', '2016-12-13 03:19:48', '2016-12-13 03:19:48'),
(11, 'registration', '2016-12-13 03:19:48', '2016-12-13 03:19:48'),
(12, 'team_assign_ticket', '2016-12-13 03:19:48', '2016-12-13 03:19:48'),
(13, 'reset_new_password', '2016-12-13 03:19:48', '2016-12-13 03:19:48'),
(14, 'merge-ticket-notification', '2017-01-02 00:20:11', '2017-01-02 00:20:11');

-- --------------------------------------------------------

--
-- Table structure for table `tickets`
--

CREATE TABLE `tickets` (
  `id` int(10) UNSIGNED NOT NULL,
  `ticket_number` varchar(255) COLLATE utf8_unicode_ci NOT NULL,
  `user_id` int(10) UNSIGNED DEFAULT NULL,
  `dept_id` int(10) UNSIGNED DEFAULT NULL,
  `team_id` int(10) UNSIGNED DEFAULT NULL,
  `priority_id` int(10) UNSIGNED DEFAULT NULL,
  `sla` int(10) UNSIGNED DEFAULT NULL,
  `help_topic_id` int(10) UNSIGNED DEFAULT NULL,
  `status` int(10) UNSIGNED DEFAULT NULL,
  `rating` tinyint(1) NOT NULL,
  `ratingreply` tinyint(1) NOT NULL,
  `flags` int(11) NOT NULL,
  `ip_address` int(11) NOT NULL,
  `assigned_to` int(10) UNSIGNED DEFAULT NULL,
  `lock_by` int(11) NOT NULL,
  `lock_at` datetime DEFAULT NULL,
  `source` int(10) UNSIGNED DEFAULT NULL,
  `isoverdue` int(11) NOT NULL,
  `reopened` int(11) NOT NULL,
  `isanswered` int(11) NOT NULL,
  `html` int(11) NOT NULL,
  `is_deleted` int(11) NOT NULL,
  `closed` int(11) NOT NULL,
  `is_transferred` tinyint(1) NOT NULL,
  `transferred_at` datetime NOT NULL,
  `reopened_at` datetime DEFAULT NULL,
  `duedate` datetime DEFAULT NULL,
  `closed_at` datetime DEFAULT NULL,
  `last_message_at` datetime DEFAULT NULL,
  `last_response_at` datetime DEFAULT NULL,
  `approval` int(11) NOT NULL,
  `follow_up` int(11) NOT NULL,
  `created_at` timestamp NULL DEFAULT NULL,
  `updated_at` timestamp NULL DEFAULT NULL
) ENGINE=InnoDB DEFAULT CHARSET=utf8 COLLATE=utf8_unicode_ci;

--
-- Dumping data for table `tickets`
--

INSERT INTO `tickets` (`id`, `ticket_number`, `user_id`, `dept_id`, `team_id`, `priority_id`, `sla`, `help_topic_id`, `status`, `rating`, `ratingreply`, `flags`, `ip_address`, `assigned_to`, `lock_by`, `lock_at`, `source`, `isoverdue`, `reopened`, `isanswered`, `html`, `is_deleted`, `closed`, `is_transferred`, `transferred_at`, `reopened_at`, `duedate`, `closed_at`, `last_message_at`, `last_response_at`, `approval`, `follow_up`, `created_at`, `updated_at`) VALUES
(1, 'AAAA-0000-0000', 4, 1, NULL, 2, 2, 1, 1, 0, 0, 0, 0, NULL, 0, NULL, 1, 0, 0, 0, 0, 0, 0, 0, '0000-00-00 00:00:00', NULL, '2016-12-13 21:15:19', NULL, NULL, NULL, 0, 0, '2016-12-13 03:45:19', '2016-12-13 03:45:19'),
(2, 'AAAA-0000-0001', 5, 1, NULL, 2, 2, 1, 1, 0, 0, 0, 0, NULL, 0, NULL, 1, 0, 0, 0, 0, 0, 0, 0, '0000-00-00 00:00:00', NULL, '2016-12-13 21:20:55', NULL, NULL, NULL, 0, 0, '2016-12-13 03:50:55', '2016-12-13 03:50:56'),
(3, 'AAAA-0000-0002', 6, 1, NULL, 2, 2, 1, 1, 0, 0, 0, 0, 3, 0, NULL, 1, 0, 0, 0, 0, 0, 0, 0, '0000-00-00 00:00:00', NULL, '2016-12-13 21:25:55', NULL, NULL, NULL, 0, 0, '2016-12-13 03:55:55', '2016-12-13 04:00:23'),
(4, 'AAAA-0000-0003', 7, 1, NULL, 2, 2, 1, 1, 0, 0, 0, 0, 1, 0, NULL, 1, 0, 0, 1, 0, 0, 0, 0, '0000-00-00 00:00:00', NULL, '2016-12-13 21:28:40', NULL, NULL, NULL, 0, 0, '2016-12-13 03:58:40', '2016-12-13 04:01:55'),
(5, 'AAAA-0000-0004', 7, 1, NULL, 1, 1, 1, 5, 0, 0, 0, 0, NULL, 0, NULL, 3, 0, 0, 0, 0, 1, 0, 0, '0000-00-00 00:00:00', NULL, '2016-12-13 15:32:48', NULL, NULL, NULL, 0, 0, '2016-12-13 04:02:48', '2016-12-13 04:04:04'),
(6, 'AAAA-0000-0005', 5, 1, NULL, 1, 1, 1, 5, 0, 0, 0, 0, NULL, 0, NULL, 3, 0, 0, 0, 0, 1, 0, 0, '0000-00-00 00:00:00', NULL, '2016-12-13 15:33:44', NULL, NULL, NULL, 0, 0, '2016-12-13 04:03:44', '2016-12-13 04:04:04');

-- --------------------------------------------------------

--
-- Table structure for table `ticket_attachment`
--

CREATE TABLE `ticket_attachment` (
  `id` int(10) UNSIGNED NOT NULL,
  `name` varchar(255) COLLATE utf8_unicode_ci NOT NULL,
  `thread_id` int(10) UNSIGNED DEFAULT NULL,
  `size` varchar(255) COLLATE utf8_unicode_ci NOT NULL,
  `type` varchar(255) COLLATE utf8_unicode_ci NOT NULL,
  `poster` varchar(255) COLLATE utf8_unicode_ci NOT NULL,
  `created_at` timestamp NULL DEFAULT NULL,
  `updated_at` timestamp NULL DEFAULT NULL,
  `file` mediumblob,
  `driver` varchar(255) COLLATE utf8_unicode_ci NOT NULL,
  `path` varchar(255) COLLATE utf8_unicode_ci NOT NULL
) ENGINE=InnoDB DEFAULT CHARSET=utf8 COLLATE=utf8_unicode_ci;

-- --------------------------------------------------------

--
-- Table structure for table `ticket_collaborator`
--

CREATE TABLE `ticket_collaborator` (
  `id` int(10) UNSIGNED NOT NULL,
  `isactive` tinyint(1) NOT NULL,
  `ticket_id` int(10) UNSIGNED DEFAULT NULL,
  `user_id` int(10) UNSIGNED DEFAULT NULL,
  `role` varchar(255) COLLATE utf8_unicode_ci NOT NULL,
  `created_at` timestamp NULL DEFAULT NULL,
  `updated_at` timestamp NULL DEFAULT NULL
) ENGINE=InnoDB DEFAULT CHARSET=utf8 COLLATE=utf8_unicode_ci;

-- --------------------------------------------------------

--
-- Table structure for table `ticket_form_data`
--

CREATE TABLE `ticket_form_data` (
  `id` int(10) UNSIGNED NOT NULL,
  `ticket_id` int(10) UNSIGNED DEFAULT NULL,
  `title` text COLLATE utf8_unicode_ci NOT NULL,
  `content` text COLLATE utf8_unicode_ci NOT NULL,
  `created_at` timestamp NULL DEFAULT NULL,
  `updated_at` timestamp NULL DEFAULT NULL
) ENGINE=InnoDB DEFAULT CHARSET=utf8 COLLATE=utf8_unicode_ci;

-- --------------------------------------------------------

--
-- Table structure for table `ticket_priority`
--

CREATE TABLE `ticket_priority` (
  `priority_id` int(10) UNSIGNED NOT NULL,
  `priority` varchar(255) COLLATE utf8_unicode_ci NOT NULL,
  `status` varchar(255) COLLATE utf8_unicode_ci NOT NULL,
  `priority_desc` varchar(255) COLLATE utf8_unicode_ci NOT NULL,
  `priority_color` varchar(255) COLLATE utf8_unicode_ci NOT NULL,
  `priority_urgency` tinyint(1) NOT NULL,
  `ispublic` tinyint(1) NOT NULL,
  `is_default` varchar(255) COLLATE utf8_unicode_ci NOT NULL,
  `created_at` timestamp NULL DEFAULT NULL,
  `updated_at` timestamp NULL DEFAULT NULL
) ENGINE=InnoDB DEFAULT CHARSET=utf8 COLLATE=utf8_unicode_ci;

--
-- Dumping data for table `ticket_priority`
--

INSERT INTO `ticket_priority` (`priority_id`, `priority`, `status`, `priority_desc`, `priority_color`, `priority_urgency`, `ispublic`, `is_default`, `created_at`, `updated_at`) VALUES
(1, 'Low', '1', 'Low', '#00a65a', 4, 1, '', NULL, NULL),
(2, 'Normal', '1', 'Normal', '#00bfef', 3, 1, '1', NULL, NULL),
(3, 'High', '1', 'High', '#f39c11', 2, 1, '', NULL, NULL),
(4, 'Emergency', '1', 'Emergency', '#dd4b38', 1, 1, '', NULL, NULL);

-- --------------------------------------------------------

--
-- Table structure for table `ticket_source`
--

CREATE TABLE `ticket_source` (
  `id` int(10) UNSIGNED NOT NULL,
  `name` varchar(255) COLLATE utf8_unicode_ci NOT NULL,
  `value` varchar(255) COLLATE utf8_unicode_ci NOT NULL,
  `css_class` varchar(255) COLLATE utf8_unicode_ci NOT NULL
) ENGINE=InnoDB DEFAULT CHARSET=utf8 COLLATE=utf8_unicode_ci;

--
-- Dumping data for table `ticket_source`
--

INSERT INTO `ticket_source` (`id`, `name`, `value`, `css_class`) VALUES
(1, 'web', 'Web', 'fa fa-internet-explorer'),
(2, 'email', 'E-mail', 'fa fa-envelope'),
(3, 'agent', 'Agent Panel', 'fa fa-envelope'),
(4, 'facebook', 'Facebook', 'fa fa-facebook'),
(5, 'twitter', 'Twitter', 'fa fa-twitter'),
(6, 'call', 'Call', 'fa fa-phone'),
(7, 'chat', 'Chat', 'fa fa-comment'),
(8, 'web', 'Web', ''),
(9, 'email', 'E-mail', ''),
(10, 'agent', 'Agent Panel', '');

-- --------------------------------------------------------

--
-- Table structure for table `ticket_status`
--

CREATE TABLE `ticket_status` (
  `id` int(10) UNSIGNED NOT NULL,
  `name` varchar(255) COLLATE utf8_unicode_ci NOT NULL,
  `state` varchar(255) COLLATE utf8_unicode_ci NOT NULL,
  `mode` int(11) NOT NULL,
  `message` varchar(255) COLLATE utf8_unicode_ci NOT NULL,
  `flags` int(11) NOT NULL,
  `sort` int(11) NOT NULL,
  `email_user` int(11) NOT NULL,
  `icon_class` varchar(255) COLLATE utf8_unicode_ci NOT NULL,
  `properties` varchar(255) COLLATE utf8_unicode_ci NOT NULL,
  `created_at` timestamp NULL DEFAULT NULL,
  `updated_at` timestamp NULL DEFAULT NULL
) ENGINE=InnoDB DEFAULT CHARSET=utf8 COLLATE=utf8_unicode_ci;

--
-- Dumping data for table `ticket_status`
--

INSERT INTO `ticket_status` (`id`, `name`, `state`, `mode`, `message`, `flags`, `sort`, `email_user`, `icon_class`, `properties`, `created_at`, `updated_at`) VALUES
(1, 'Open', 'open', 3, 'Ticket have been Reopened by', 0, 1, 0, '', 'Open tickets.', '2016-12-13 03:19:23', '2016-12-13 03:19:23'),
(2, 'Resolved', 'closed', 1, 'Ticket have been Resolved by', 0, 2, 0, '', 'Resolved tickets.', '2016-12-13 03:19:24', '2016-12-13 03:19:24'),
(3, 'Closed', 'closed', 3, 'Ticket have been Closed by', 0, 3, 0, '', 'Closed tickets. Tickets will still be accessible on client and staff panels.', '2016-12-13 03:19:24', '2016-12-13 03:19:24'),
(4, 'Archived', 'archived', 3, 'Ticket have been Archived by', 0, 4, 0, '', 'Tickets only adminstratively available but no longer accessible on ticket queues and client panel.', '2016-12-13 03:19:24', '2016-12-13 03:19:24'),
(5, 'Deleted', 'deleted', 3, 'Ticket have been Deleted by', 0, 5, 0, '', 'Tickets queued for deletion. Not accessible on ticket queues.', '2016-12-13 03:19:24', '2016-12-13 03:19:24'),
(6, 'Unverified', 'unverified', 3, 'User account verification required.', 0, 6, 0, '', 'Ticket will be open after user verifies his/her account.', '2016-12-13 03:19:24', '2016-12-13 03:19:24'),
(7, 'Request Approval', 'unverified', 3, 'Approval requested by', 0, 7, 0, '', 'Ticket will be approve  after Admin verifies  this ticket', '2016-12-13 03:19:24', '2016-12-13 03:19:24');

-- --------------------------------------------------------

--
-- Table structure for table `ticket_thread`
--

CREATE TABLE `ticket_thread` (
  `id` int(10) UNSIGNED NOT NULL,
  `ticket_id` int(10) UNSIGNED DEFAULT NULL,
  `user_id` int(10) UNSIGNED DEFAULT NULL,
  `poster` varchar(255) COLLATE utf8_unicode_ci NOT NULL,
  `source` int(10) UNSIGNED DEFAULT NULL,
  `reply_rating` int(11) NOT NULL,
  `rating_count` int(11) NOT NULL,
  `is_internal` tinyint(1) NOT NULL,
  `title` varchar(255) COLLATE utf8_unicode_ci NOT NULL,
  `body` longblob,
  `format` varchar(255) COLLATE utf8_unicode_ci NOT NULL,
  `ip_address` varchar(255) COLLATE utf8_unicode_ci NOT NULL,
  `created_at` timestamp NULL DEFAULT NULL,
  `updated_at` timestamp NULL DEFAULT NULL
) ENGINE=InnoDB DEFAULT CHARSET=utf8 COLLATE=utf8_unicode_ci;

--
-- Dumping data for table `ticket_thread`
--

INSERT INTO `ticket_thread` (`id`, `ticket_id`, `user_id`, `poster`, `source`, `reply_rating`, `rating_count`, `is_internal`, `title`, `body`, `format`, `ip_address`, `created_at`, `updated_at`) VALUES
(1, 1, 4, 'client', NULL, 0, 0, 0, 'Sewing defects', 0x466f7220657665727920696e647573747279206f7220627573696e6573732c20746f2067657420696e63726561736564200d0a73616c657320616e640d0a626574746572206e616d6520616d6f6e67737420636f6e73756d65727320616e642066656c6c6f7720636f6d70616e69657320697420697320696d706f7274616e7420746f200d0a6d61696e7461696e0d0a61206c6576656c206f66207175616c6974792e20496e20746865206761726d656e7420696e647573747279207175616c69747920636f6e74726f6c206973207072616374696365640d0a2072696768742066726f6d2074686520696e697469616c207374616765206f6620736f757263696e6720726177206d6174657269616c7320746f20746865207374616765206f66200d0a66696e616c2066696e69736865640d0a6761726d656e742e20466f722074657874696c6520616e64206170706172656c20696e6475737472792070726f64756374207175616c6974792069732063616c63756c61746564200d0a696e0d0a7465726d73206f66207175616c69747920616e64207374616e64617264206f66206669627265732c207961726e732c2066616272696320636f6e737472756374696f6e2c200d0a636f6c6f75720d0a666173746e6573732c20737572666163652064657369676e7320616e64207468652066696e616c2066696e6973686564206761726d656e742070726f64756374732e200d0a486f77657665720d0a7175616c697479206578706563746174696f6e7320666f72206578706f7274206172652072656c6174656420746f207468652074797065206f6620637573746f6d6572200d0a7365676d656e74730d0a616e64207468652072657461696c206f75746c6574732e205468657265206172652061206e756d626572206f6620666163746f7273206f6e207768696368207175616c697479200d0a6669746e6573730d0a6f66206761726d656e7420696e64757374727920697320626173656420737563682061732020706572666f726d616e63652c2072656c696162696c6974792c200d0a6475726162696c6974792c0d0a76697375616c20616e6420706572636569766564207175616c697479206f6620746865206761726d656e742e205175616c697479206e6565647320746f20626520646566696e65640d0a20696e0d0a7465726d73206f66206120706172746963756c6172206672616d65776f726b206f6620636f73742e203c62723e, '', '', '2016-12-13 03:45:19', '2016-12-13 03:45:19'),
(2, 2, 5, 'client', NULL, 0, 0, 0, 'Delivery not recieved', 0x3c7370616e3e556e666f7274756e6174656c792c206966206120747261636b696e670d0a206e756d6265722073686f77732064656c69766572792c20796f7572206f6e6c79207265636f75727365206973207468726f7567682074686520736869707065722e2020496e200d0a6f7468657220776f7264732c20696620746865205553505320747261636b696e6720736974652073686f77732064656c69766572792c20616e6420796f7520686176656e2774200d0a61637475616c6c792072656365697665642069742c20796f75722070726f626c656d206c69657320776974682074686520555350532c20616e64206e6f7420746865200d0a73656c6c65722e223c62723e3c62723e5468697320686173206e657665722068617070656e656420746f206d652c206275742074686520696465610d0a20746861742074686520627579657220697320736f6d65686f7720726573706f6e7369626c6520666f722074686520636172726965722074686174207468652053454c4c4552200d0a68617320636f6d6d697373696f6e6564206973206c6175676861626c652e205468652073656c6c657220686173206120636f6e747261637475616c2061677265656d656e74200d0a776974682074686520736869707065722c206d616e792074696d65732074686520627579657220646f65736e2774206576656e206861766520746865206f7074696f6e20746f200d0a73706563696679207468652073686970706572207573656420666f722064656c69766572792e20496620746865206974656d204920707572636861736564206e65766572200d0a72656163686573206d7920686f6d653c2f7370616e3e3c62723e, '', '', '2016-12-13 03:50:56', '2016-12-13 03:50:56'),
(3, 3, 6, 'client', NULL, 0, 0, 0, 'Colour effects', 0x492068617665206265656e2073656c656374656420666f72206170706f696e746d656e7420746f2074686520496e6469616e20466f7265737420536572766963652e200d0a42757420746865206d65646963616c20626f6172642068617320666f756e64206d6520756e666974206f6e206163636f756e74206f662064656665637469766520636f6c6f7572200d0a766973696f6e2e0d0a0d0a3c703e4163636f7264696e6720746f207468652072756c65732c20224c6f77204772616465202220636f6c6f757220766973696f6e2069732073756666696369656e7420666f72200d0a74686520736572766963652e204920776f756c64206c696b6520746f206b6e6f7720686f7720636f6c6f757220766973696f6e2063616e20626520677261646564206173206c6f770d0a206f7220686967682e20492063616e20636f72726563746c79206964656e74696679203238206f7574206f6620333820497368696861726120706c617465732e20556e646572200d0a6c6f776572206c6967687420696e74656e736974792c20492063616e206964656e74696679206120666577206d6f726520706c617465732e20506c656173652067697665200d0a796f757220636f6d6d656e74206f6e20746869732e20416c736f20706c65617365206c6574206d65206b6e6f772061626f757420746865204564726964676520477265656e200d0a4c616e7465726e207465737420616e642074686520636f6c6f75727320696e20746865206c616e7465726e2e2054686520626f617264206861732063616c6c6564206d6520666f720d0a20612072652d6578616d696e6174696f6e202e20506c6561736520616476697365206d6520686f7720746f20666163652069742e3c2f703e3c62723e, '', '', '2016-12-13 03:55:55', '2016-12-13 03:55:55'),
(4, 4, 7, 'client', NULL, 0, 0, 0, 'Garment defects', 0x536f6d65207061727473206f66207061747465726e20617265206d697373696e672c2070726f6261626c7920626563617573650d0a207468650d0a6d61726b657220646964206e6f7420696e636c7564652074686520636f7272656374206e756d626572206f662070617274732e204d697865642070617274732c200d0a70726f6261626c79206265636175736520746865206d61726b6572206973206e6f7420636f72726563746c79206c6162656c65642c20726573756c74696e6720696e2061200d0a6d61727269616765206f662077726f6e672073697a65640d0a70617274732e205061747465726e73206e6f7420666163696e6720696e20636f727265637420646972656374696f6e206f6e206e617070656420666162726963732e204e6f74200d0a616c6c0d0a7061747465726e7320666163696e6720696e2073616d6520646972656374696f6e20286569746865722077617929206f6e2061206f6e652d776179206661627269632e200d0a5061747465726e730d0a6e6f7420616c69676e65642077697468207265737065637420746f207468652066616272696320677261696e2e20506f6f72206c696e6520646566696e6974696f6e2028652e672e0d0a20746f6f0d0a746869636b206368616c6b3b20696e64697374696e63746c79207072696e746564206c696e652c20706572666f7261746564206c6179206e6f7420706f77646572656429200d0a6c656164696e6720746f0d0a696e61636375726174652063757474696e672e20536b696d7079206d61726b696e672c206361757365642062792065697468657220746865206d61726b657220646964206e6f74200d0a757365207468650d0a6f7574736964652065646765206f6620746865207061747465726e3b206f7220746865207061747465726e20776173206d6f766564206f72207377756e67206166746572200d0a7061727469616c0d0a6d61726b696e6720746f2073717565657a6520746865207061747465726e20696e746f206120736d616c6c657220737061636520666f722065636f6e6f6d697a696e6720746865200d0a6661627269632e0d0a4d61726b696e67206261636b2066726f6d206d696e696174757265206d61726b65727320616c736f2063616e2063617573652074726f75626c6520756e6c65737320746865200d0a6d696e6961747572650d0a6d61726b6572206d616b696e6720697320696e207468652068616e6473206f6620657870657269656e636564206f70657261746f72732e20416c7465726e61746976656c79200d0a7468652066756c6c0d0a73697a65207061747465726e206d617920626520686176696e6720776f726e206f75742065646765732e3c62723e, '', '', '2016-12-13 03:58:40', '2016-12-13 03:58:40'),
(5, 4, 1, '', NULL, 0, 0, 1, '', 0x54686973205469636b657420686173206265656e2061737369676e656420746f2044656d6f2061646d696e, '', '', '2016-12-13 04:00:04', '2016-12-13 04:00:04'),
(6, 3, 1, '', NULL, 0, 0, 1, '', 0x54686973205469636b657420686173206265656e2061737369676e656420746f204a6f68616e204d616c686f747261, '', '', '2016-12-13 04:00:23', '2016-12-13 04:00:23'),
(7, 4, 1, 'support', NULL, 0, 0, 0, '', 0x3c703e4869204b757374692c3c2f703e0d0a0d0a3c703e4c6574206d6520636865636b20616e642063616c6c206261636b20796f753c2f703e0d0a0d0a3c703e5468616e6b20596f753c2f703e0d0a, '', '', '2016-12-13 04:01:55', '2016-12-13 04:01:55'),
(8, 5, 7, 'client', NULL, 0, 0, 0, 'test ticket', 0x746869732069732074657374207469636b6574202e2e2e63766376637663, '', '', '2016-12-13 04:02:48', '2016-12-13 04:02:48'),
(9, 6, 5, 'client', NULL, 0, 0, 0, 'Mail test ticket', 0x506c6561736520746869732069732074657374207469636b65742e, '', '', '2016-12-13 04:03:44', '2016-12-13 04:03:44'),
(10, 6, 1, '', NULL, 0, 0, 1, '', 0x5469636b65742068617665206265656e2044656c657465642062792044656d6f2061646d696e, '', '', '2016-12-13 04:04:04', '2016-12-13 04:04:04'),
(11, 5, 1, '', NULL, 0, 0, 1, '', 0x5469636b65742068617665206265656e2044656c657465642062792044656d6f2061646d696e, '', '', '2016-12-13 04:04:04', '2016-12-13 04:04:04');

-- --------------------------------------------------------

--
-- Table structure for table `ticket_token`
--

CREATE TABLE `ticket_token` (
  `id` int(10) UNSIGNED NOT NULL,
  `ticket_id` int(11) NOT NULL,
  `token` varchar(255) COLLATE utf8_unicode_ci NOT NULL,
  `created_at` timestamp NULL DEFAULT NULL,
  `updated_at` timestamp NULL DEFAULT NULL
) ENGINE=InnoDB DEFAULT CHARSET=utf8 COLLATE=utf8_unicode_ci;

-- --------------------------------------------------------

--
-- Table structure for table `timezone`
--

CREATE TABLE `timezone` (
  `id` int(10) UNSIGNED NOT NULL,
  `name` varchar(255) COLLATE utf8_unicode_ci NOT NULL,
  `location` varchar(255) COLLATE utf8_unicode_ci NOT NULL
) ENGINE=InnoDB DEFAULT CHARSET=utf8 COLLATE=utf8_unicode_ci;

--
-- Dumping data for table `timezone`
--

INSERT INTO `timezone` (`id`, `name`, `location`) VALUES
(1, 'Pacific/Midway', '(GMT-11:00) Midway Island'),
(2, 'US/Samoa', '(GMT-11:00) Samoa'),
(3, 'US/Hawaii', '(GMT-10:00) Hawaii'),
(4, 'US/Alaska', '(GMT-09:00) Alaska'),
(5, 'US/Pacific', '(GMT-08:00) Pacific Time (US &amp; Canada)'),
(6, 'America/Tijuana', '(GMT-08:00) Tijuana'),
(7, 'US/Arizona', '(GMT-07:00) Arizona'),
(8, 'US/Mountain', '(GMT-07:00) Mountain Time (US &amp; Canada)'),
(9, 'America/Chihuahua', '(GMT-07:00) Chihuahua'),
(10, 'America/Mazatlan', '(GMT-07:00) Mazatlan'),
(11, 'America/Mexico_City', '(GMT-06:00) Mexico City'),
(12, 'America/Monterrey', '(GMT-06:00) Monterrey'),
(13, 'Canada/Saskatchewan', '(GMT-06:00) Saskatchewan'),
(14, 'US/Central', '(GMT-06:00) Central Time (US &amp; Canada)'),
(15, 'US/Eastern', '(GMT-05:00) Eastern Time (US &amp; Canada)'),
(16, 'US/East-Indiana', '(GMT-05:00) Indiana (East)'),
(17, 'America/Bogota', '(GMT-05:00) Bogota'),
(18, 'America/Lima', '(GMT-05:00) Lima'),
(19, 'America/Caracas', '(GMT-04:30) Caracas'),
(20, 'Canada/Atlantic', '(GMT-04:00) Atlantic Time (Canada)'),
(21, 'America/La_Paz', '(GMT-04:00) La Paz'),
(22, 'America/Santiago', '(GMT-04:00) Santiago'),
(23, 'Canada/Newfoundland', '(GMT-03:30) Newfoundland'),
(24, 'America/Buenos_Aires', '(GMT-03:00) Buenos Aires'),
(25, 'Greenland', '(GMT-03:00) Greenland'),
(26, 'Atlantic/Stanley', '(GMT-02:00) Stanley'),
(27, 'Atlantic/Azores', '(GMT-01:00) Azores'),
(28, 'Atlantic/Cape_Verde', '(GMT-01:00) Cape Verde Is.'),
(29, 'Africa/Casablanca', '(GMT) Casablanca'),
(30, 'Europe/Dublin', '(GMT) Dublin'),
(31, 'Europe/Lisbon', '(GMT) Lisbon'),
(32, 'Europe/London', '(GMT) London'),
(33, 'Africa/Monrovia', '(GMT) Monrovia'),
(34, 'Europe/Amsterdam', '(GMT+01:00) Amsterdam'),
(35, 'Europe/Belgrade', '(GMT+01:00) Belgrade'),
(36, 'Europe/Berlin', '(GMT+01:00) Berlin'),
(37, 'Europe/Bratislava', '(GMT+01:00) Bratislava'),
(38, 'Europe/Brussels', '(GMT+01:00) Brussels'),
(39, 'Europe/Budapest', '(GMT+01:00) Budapest'),
(40, 'Europe/Copenhagen', '(GMT+01:00) Copenhagen'),
(41, 'Europe/Ljubljana', '(GMT+01:00) Ljubljana'),
(42, 'Europe/Madrid', '(GMT+01:00) Madrid'),
(43, 'Europe/Paris', '(GMT+01:00) Paris'),
(44, 'Europe/Prague', '(GMT+01:00) Prague'),
(45, 'Europe/Rome', '(GMT+01:00) Rome'),
(46, 'Europe/Sarajevo', '(GMT+01:00) Sarajevo'),
(47, 'Europe/Skopje', '(GMT+01:00) Skopje'),
(48, 'Europe/Stockholm', '(GMT+01:00) Stockholm'),
(49, 'Europe/Vienna', '(GMT+01:00) Vienna'),
(50, 'Europe/Warsaw', '(GMT+01:00) Warsaw'),
(51, 'Europe/Zagreb', '(GMT+01:00) Zagreb'),
(52, 'Europe/Athens', '(GMT+02:00) Athens'),
(53, 'Europe/Bucharest', '(GMT+02:00) Bucharest'),
(54, 'Africa/Cairo', '(GMT+02:00) Cairo'),
(55, 'Africa/Harare', '(GMT+02:00) Harare'),
(56, 'Europe/Helsinki', '(GMT+02:00) Helsinki'),
(57, 'Europe/Istanbul', '(GMT+02:00) Istanbul'),
(58, 'Asia/Jerusalem', '(GMT+02:00) Jerusalem'),
(59, 'Europe/Kiev', '(GMT+02:00) Kyiv'),
(60, 'Europe/Minsk', '(GMT+02:00) Minsk'),
(61, 'Europe/Riga', '(GMT+02:00) Riga'),
(62, 'Europe/Sofia', '(GMT+02:00) Sofia'),
(63, 'Europe/Tallinn', '(GMT+02:00) Tallinn'),
(64, 'Europe/Vilnius', '(GMT+02:00) Vilnius'),
(65, 'Asia/Baghdad', '(GMT+03:00) Baghdad'),
(66, 'Asia/Kuwait', '(GMT+03:00) Kuwait'),
(67, 'Africa/Nairobi', '(GMT+03:00) Nairobi'),
(68, 'Asia/Riyadh', '(GMT+03:00) Riyadh'),
(69, 'Asia/Tehran', '(GMT+03:30) Tehran'),
(70, 'Europe/Moscow', '(GMT+04:00) Moscow'),
(71, 'Asia/Baku', '(GMT+04:00) Baku'),
(72, 'Europe/Volgograd', '(GMT+04:00) Volgograd'),
(73, 'Asia/Muscat', '(GMT+04:00) Muscat'),
(74, 'Asia/Tbilisi', '(GMT+04:00) Tbilisi'),
(75, 'Asia/Yerevan', '(GMT+04:00) Yerevan'),
(76, 'Asia/Kabul', '(GMT+04:30) Kabul'),
(77, 'Asia/Karachi', '(GMT+05:00) Karachi'),
(78, 'Asia/Tashkent', '(GMT+05:00) Tashkent'),
(79, 'Asia/Kolkata', '(GMT+05:30) Kolkata'),
(80, 'Asia/Kathmandu', '(GMT+05:45) Kathmandu'),
(81, 'Asia/Yekaterinburg', '(GMT+06:00) Ekaterinburg'),
(82, 'Asia/Almaty', '(GMT+06:00) Almaty'),
(83, 'Asia/Dhaka', '(GMT+06:00) Dhaka'),
(84, 'Asia/Novosibirsk', '(GMT+07:00) Novosibirsk'),
(85, 'Asia/Bangkok', '(GMT+07:00) Bangkok'),
(86, 'Asia/Ho_Chi_Minh', '(GMT+07.00) Ho Chi Minh'),
(87, 'Asia/Jakarta', '(GMT+07:00) Jakarta'),
(88, 'Asia/Krasnoyarsk', '(GMT+08:00) Krasnoyarsk'),
(89, 'Asia/Chongqing', '(GMT+08:00) Chongqing'),
(90, 'Asia/Hong_Kong', '(GMT+08:00) Hong Kong'),
(91, 'Asia/Kuala_Lumpur', '(GMT+08:00) Kuala Lumpur'),
(92, 'Australia/Perth', '(GMT+08:00) Perth'),
(93, 'Asia/Singapore', '(GMT+08:00) Singapore'),
(94, 'Asia/Taipei', '(GMT+08:00) Taipei'),
(95, 'Asia/Ulaanbaatar', '(GMT+08:00) Ulaan Bataar'),
(96, 'Asia/Urumqi', '(GMT+08:00) Urumqi'),
(97, 'Asia/Irkutsk', '(GMT+09:00) Irkutsk'),
(98, 'Asia/Seoul', '(GMT+09:00) Seoul'),
(99, 'Asia/Tokyo', '(GMT+09:00) Tokyo'),
(100, 'Australia/Adelaide', '(GMT+09:30) Adelaide'),
(101, 'Australia/Darwin', '(GMT+09:30) Darwin'),
(102, 'Asia/Yakutsk', '(GMT+10:00) Yakutsk'),
(103, 'Australia/Brisbane', '(GMT+10:00) Brisbane'),
(104, 'Australia/Canberra', '(GMT+10:00) Canberra'),
(105, 'Pacific/Guam', '(GMT+10:00) Guam'),
(106, 'Australia/Hobart', '(GMT+10:00) Hobart'),
(107, 'Australia/Melbourne', '(GMT+10:00) Melbourne'),
(108, 'Pacific/Port_Moresby', '(GMT+10:00) Port Moresby'),
(109, 'Australia/Sydney', '(GMT+10:00) Sydney'),
(110, 'Asia/Vladivostok', '(GMT+11:00) Vladivostok'),
(111, 'Asia/Magadan', '(GMT+12:00) Magadan'),
(112, 'Pacific/Auckland', '(GMT+12:00) Auckland'),
(113, 'Pacific/Fiji', '(GMT+12:00) Fiji');

-- --------------------------------------------------------

--
-- Table structure for table `time_format`
--

CREATE TABLE `time_format` (
  `id` int(10) UNSIGNED NOT NULL,
  `format` varchar(255) COLLATE utf8_unicode_ci NOT NULL
) ENGINE=InnoDB DEFAULT CHARSET=utf8 COLLATE=utf8_unicode_ci;

--
-- Dumping data for table `time_format`
--

INSERT INTO `time_format` (`id`, `format`) VALUES
(1, 'H:i:s'),
(2, 'H.i.s');

-- --------------------------------------------------------

--
-- Table structure for table `users`
--

CREATE TABLE `users` (
  `id` int(10) UNSIGNED NOT NULL,
  `user_name` varchar(255) COLLATE utf8_unicode_ci NOT NULL,
  `first_name` varchar(255) COLLATE utf8_unicode_ci NOT NULL,
  `last_name` varchar(255) COLLATE utf8_unicode_ci NOT NULL,
  `gender` tinyint(1) NOT NULL,
  `email` varchar(255) COLLATE utf8_unicode_ci DEFAULT NULL,
  `ban` tinyint(1) NOT NULL,
  `password` varchar(60) COLLATE utf8_unicode_ci NOT NULL,
  `active` int(11) NOT NULL,
  `is_delete` tinyint(1) NOT NULL DEFAULT '0',
  `ext` varchar(255) COLLATE utf8_unicode_ci NOT NULL,
  `country_code` int(11) NOT NULL,
  `phone_number` varchar(255) COLLATE utf8_unicode_ci NOT NULL,
  `mobile` varchar(255) COLLATE utf8_unicode_ci DEFAULT NULL,
  `agent_sign` text COLLATE utf8_unicode_ci NOT NULL,
  `account_type` varchar(255) COLLATE utf8_unicode_ci NOT NULL,
  `account_status` varchar(255) COLLATE utf8_unicode_ci NOT NULL,
  `assign_group` int(10) UNSIGNED DEFAULT NULL,
  `primary_dpt` int(10) UNSIGNED DEFAULT NULL,
  `agent_tzone` varchar(255) COLLATE utf8_unicode_ci NOT NULL,
  `daylight_save` varchar(255) COLLATE utf8_unicode_ci NOT NULL,
  `limit_access` varchar(255) COLLATE utf8_unicode_ci NOT NULL,
  `directory_listing` varchar(255) COLLATE utf8_unicode_ci NOT NULL,
  `vacation_mode` varchar(255) COLLATE utf8_unicode_ci NOT NULL,
  `company` varchar(255) COLLATE utf8_unicode_ci NOT NULL,
  `role` varchar(255) COLLATE utf8_unicode_ci NOT NULL,
  `internal_note` varchar(255) COLLATE utf8_unicode_ci NOT NULL,
  `profile_pic` varchar(255) COLLATE utf8_unicode_ci NOT NULL,
  `remember_token` varchar(100) COLLATE utf8_unicode_ci DEFAULT NULL,
  `created_at` timestamp NULL DEFAULT NULL,
  `updated_at` timestamp NULL DEFAULT NULL,
  `user_language` varchar(10) COLLATE utf8_unicode_ci DEFAULT NULL
) ENGINE=InnoDB DEFAULT CHARSET=utf8 COLLATE=utf8_unicode_ci;

--
-- Dumping data for table `users`
--

INSERT INTO `users` (`id`, `user_name`, `first_name`, `last_name`, `gender`, `email`, `ban`, `password`, `active`, `is_delete`, `ext`, `country_code`, `phone_number`, `mobile`, `agent_sign`, `account_type`, `account_status`, `assign_group`, `primary_dpt`, `agent_tzone`, `daylight_save`, `limit_access`, `directory_listing`, `vacation_mode`, `company`, `role`, `internal_note`, `profile_pic`, `remember_token`, `created_at`, `updated_at`, `user_language`) VALUES
(1, 'demo_admin', 'Demo', 'Admin', 0, NULL, 0, '$2y$10$ZkHOJeJCKFzLtL4yWXZ3suVZlG.fJwD9oUI3nM5FGESmIkQV1hMXC', 1, 0, '', 0, '', NULL, '', '', '', 1, 1, '', '', '', '', '', '', 'admin', '', '', NULL, '2016-12-13 03:19:53', '2016-12-13 03:19:53', NULL),
(2, 'demo_agent', 'Abhrakasin', 'KK', 0, NULL, 0, '$2y$10$nrMZMd72/HZbnzjBAi0RX.UQrNTtFeZFEK9aq.chDPZZ07rOC/6Ie', 1, 0, '', 0, '', NULL, '', '', '', 1, 1, '79', '', '', '', '', '', 'agent', '', '', NULL, '2016-12-13 03:32:41', '2016-12-13 03:32:42', NULL),
(3, 'Johan', 'Johan', 'Malhotra', 0, NULL, 0, '$2y$10$Eq8SHKUEXCkW5vqiWvA0Iu1UJmzZ.e5.Q3hI2tkxey5HZ2Lmbxb1C', 1, 0, '', 0, '', NULL, '', '', '', 2, 2, '7', '', '', '', '', '', 'agent', '', '', NULL, '2016-12-13 03:35:29', '2016-12-13 03:35:30', NULL),
(4, 'demo_client', 'Fidel Martin', '', 0, NULL, 0, '$2y$10$wHupGhJqz2p4rcdS4eq4ZO.NQ65b0JjVsqhJwEEzOCl3vMKwzh9/S', 1, 0, '', 0, '', NULL, '', '', '', NULL, NULL, '', '', '', '', '', '', 'user', '', '', 'PXj6d2s7rOqoh53gHdyPbiHOVvBmDoR5CnXg9kl7fRolIC92Y20UnFPSOryw', '2016-12-13 03:45:19', '2016-12-13 03:45:19', NULL),
(5, 'joseph2321@gmail.com', 'Joseph Rossignol', '', 0, NULL, 0, '$2y$10$7eQ0nFxQpQkWaKwUbzTsQ.ufQpRN1rwUGY5ER1KsoXoLd6KbMIHnG', 1, 0, '', 0, '', NULL, '', '', '', NULL, NULL, '', '', '', '', '', '', 'user', '', '', 'nv7Z37jhwAVdt87WCVzsqweY6wUbic7ll44FNmygMmwcnErafCrVpnw6Krys', '2016-12-13 03:50:55', '2016-12-13 03:50:55', NULL),
(6, 'ichae1212@gmail.com', 'Ichae Semos', '', 0, NULL, 0, '$2y$10$aITz4IUuaxb0VHwF2V2CPefwf/Ft0VXpmHDC9feEfNXkW90GdjCFm', 1, 0, '', 0, '', NULL, '', '', '', NULL, NULL, '', '', '', '', '', '', 'user', '', '', 'egq0NWPaxEkwkXmV3L0BJ4j4O6aKlgjzNZxea0XpYvCAeVvZLbXsjkKmWyBZ', '2016-12-13 03:55:54', '2016-12-13 03:55:54', NULL),
(7, 'kusti09@yahoo.com', 'Kusti Franti', '', 0, NULL, 0, '$2y$10$yNHebbyWfr6m1t4srRlYbuj2JN706ZBpyMI.gSJmuY9czJ3OzuQpq', 1, 0, '', 0, '', NULL, '', '', '', NULL, NULL, '', '', '', '', '', '', 'user', '', '', '4JPKOO9UUjZ2yX1GI7WYaeljcdyFATmguwNGuUD9chDodCVfJVGBJvbepgOt', '2016-12-13 03:58:40', '2016-12-13 03:58:40', NULL);

-- --------------------------------------------------------

--
-- Table structure for table `user_additional_infos`
--

CREATE TABLE `user_additional_infos` (
  `id` int(10) UNSIGNED NOT NULL,
  `owner` int(11) NOT NULL,
  `service` varchar(255) COLLATE utf8_unicode_ci NOT NULL,
  `key` varchar(255) COLLATE utf8_unicode_ci NOT NULL,
  `value` varchar(255) COLLATE utf8_unicode_ci DEFAULT NULL,
  `created_at` timestamp NULL DEFAULT NULL,
  `updated_at` timestamp NULL DEFAULT NULL
) ENGINE=InnoDB DEFAULT CHARSET=utf8 COLLATE=utf8_unicode_ci;

-- --------------------------------------------------------

--
-- Table structure for table `user_assign_organization`
--

CREATE TABLE `user_assign_organization` (
  `id` int(10) UNSIGNED NOT NULL,
  `org_id` int(10) UNSIGNED DEFAULT NULL,
  `user_id` int(10) UNSIGNED DEFAULT NULL,
  `created_at` timestamp NULL DEFAULT NULL,
  `updated_at` timestamp NULL DEFAULT NULL
) ENGINE=InnoDB DEFAULT CHARSET=utf8 COLLATE=utf8_unicode_ci;

-- --------------------------------------------------------

--
-- Table structure for table `user_notification`
--

CREATE TABLE `user_notification` (
  `id` int(10) UNSIGNED NOT NULL,
  `notification_id` int(11) NOT NULL,
  `user_id` int(11) NOT NULL,
  `is_read` int(11) NOT NULL,
  `created_at` timestamp NULL DEFAULT NULL,
  `updated_at` timestamp NULL DEFAULT NULL
) ENGINE=InnoDB DEFAULT CHARSET=utf8 COLLATE=utf8_unicode_ci;

--
-- Dumping data for table `user_notification`
--

INSERT INTO `user_notification` (`id`, `notification_id`, `user_id`, `is_read`, `created_at`, `updated_at`) VALUES
(1, 1, 2, 0, '2016-12-13 03:45:20', '2016-12-13 03:45:20'),
(2, 1, 1, 0, '2016-12-13 03:45:20', '2016-12-13 03:45:20'),
(3, 2, 2, 0, '2016-12-13 03:50:56', '2016-12-13 03:50:56'),
(4, 2, 1, 0, '2016-12-13 03:50:56', '2016-12-13 03:50:56'),
(5, 3, 2, 0, '2016-12-13 03:55:55', '2016-12-13 03:55:55'),
(6, 3, 1, 0, '2016-12-13 03:55:55', '2016-12-13 03:55:55'),
(7, 4, 2, 0, '2016-12-13 03:58:40', '2016-12-13 03:58:40'),
(8, 4, 1, 0, '2016-12-13 03:58:40', '2016-12-13 03:58:40'),
(9, 5, 2, 0, '2016-12-13 04:01:55', '2016-12-13 04:01:55'),
(10, 5, 1, 0, '2016-12-13 04:01:55', '2016-12-13 04:01:55'),
(11, 6, 2, 0, '2016-12-13 04:02:49', '2016-12-13 04:02:49'),
(12, 6, 1, 0, '2016-12-13 04:02:49', '2016-12-13 04:02:49'),
(13, 7, 2, 0, '2016-12-13 04:03:44', '2016-12-13 04:03:44'),
(14, 7, 1, 0, '2016-12-13 04:03:44', '2016-12-13 04:03:44');

-- --------------------------------------------------------

--
-- Table structure for table `version_check`
--

CREATE TABLE `version_check` (
  `id` int(10) UNSIGNED NOT NULL,
  `current_version` varchar(255) COLLATE utf8_unicode_ci NOT NULL,
  `new_version` varchar(255) COLLATE utf8_unicode_ci NOT NULL,
  `created_at` timestamp NULL DEFAULT NULL,
  `updated_at` timestamp NULL DEFAULT NULL
) ENGINE=InnoDB DEFAULT CHARSET=utf8 COLLATE=utf8_unicode_ci;

--
-- Dumping data for table `version_check`
--

INSERT INTO `version_check` (`id`, `current_version`, `new_version`, `created_at`, `updated_at`) VALUES
(1, '', '', '2016-12-13 03:19:30', '2016-12-13 03:19:30');

-- --------------------------------------------------------

--
-- Table structure for table `widgets`
--

CREATE TABLE `widgets` (
  `id` int(11) NOT NULL,
  `name` varchar(30) COLLATE utf8_unicode_ci DEFAULT NULL,
  `title` varchar(50) COLLATE utf8_unicode_ci DEFAULT NULL,
  `value` text COLLATE utf8_unicode_ci,
  `created_at` timestamp NULL DEFAULT NULL,
  `updated_at` timestamp NULL DEFAULT NULL
) ENGINE=InnoDB DEFAULT CHARSET=utf8 COLLATE=utf8_unicode_ci;

--
-- Dumping data for table `widgets`
--

INSERT INTO `widgets` (`id`, `name`, `title`, `value`, `created_at`, `updated_at`) VALUES
(1, 'footer1', 'Products', '<ul><li>Men</li><li>Women</li><li>Kids</li><li>Decor</li><li>Wedding Cloth<b><br /></b></li></ul>', '2016-12-13 03:19:30', '2016-12-13 03:21:13'),
(2, 'footer2', 'Company', '<ul><li>About Us</li><li>Road Map</li><li>Privacy Policy</li><li>Cancellation &amp; Refund Policy<br /></li><li>Term &amp; Condition</li></ul>', '2016-12-13 03:19:30', '2016-12-13 03:21:40'),
(3, 'footer3', 'Find out More', '<ul><li>Forums</li><li>News</li><li>Blog</li><li>Partner NOC Directory</li></ul>', '2016-12-13 03:19:30', '2016-12-13 03:22:06'),
(4, 'footer4', 'Contact Us', '<div>\r\n                                        <p><i>BTM Layout, No: #28<br />9th Cross First Stage BTM Layout Near Water Tank<br /></i><i>Bangalore – 560 029</i><br /><i>Karnataka – India<br /></i><i>Telephone: </i><i>+91 9999999999<br /></i><i>Email: </i><a><i>   support@abcclothing.com</i></a></p></div>', '2016-12-13 03:19:30', '2016-12-13 03:22:34'),
(7, 'linkedin', NULL, NULL, '2016-12-13 03:19:31', '2016-12-13 03:19:31'),
(8, 'stumble', NULL, NULL, '2016-12-13 03:19:31', '2016-12-13 03:19:31'),
(9, 'google', NULL, NULL, '2016-12-13 03:19:31', '2016-12-13 03:19:31'),
(10, 'deviantart', NULL, NULL, '2016-12-13 03:19:31', '2016-12-13 03:19:31'),
(11, 'flickr', NULL, NULL, '2016-12-13 03:19:31', '2016-12-13 03:19:31'),
(12, 'skype', NULL, NULL, '2016-12-13 03:19:31', '2016-12-13 03:19:31'),
(13, 'rss', NULL, NULL, '2016-12-13 03:19:31', '2016-12-13 03:19:31'),
(14, 'twitter', NULL, NULL, '2016-12-13 03:19:31', '2016-12-13 03:19:31'),
(15, 'facebook', NULL, NULL, '2016-12-13 03:19:31', '2016-12-13 03:19:31'),
(16, 'youtube', NULL, NULL, '2016-12-13 03:19:32', '2016-12-13 03:19:32'),
(17, 'vimeo', NULL, NULL, '2016-12-13 03:19:32', '2016-12-13 03:19:32'),
(18, 'pinterest', NULL, NULL, '2016-12-13 03:19:32', '2016-12-13 03:19:32'),
(19, 'dribbble', NULL, NULL, '2016-12-13 03:19:32', '2016-12-13 03:19:32'),
(20, 'instagram', NULL, NULL, '2016-12-13 03:19:32', '2016-12-13 03:19:32');

-- --------------------------------------------------------

--
-- Table structure for table `workflow_action`
--

CREATE TABLE `workflow_action` (
  `id` int(10) UNSIGNED NOT NULL,
  `workflow_id` int(10) UNSIGNED NOT NULL,
  `condition` varchar(255) COLLATE utf8_unicode_ci NOT NULL,
  `action` varchar(255) COLLATE utf8_unicode_ci NOT NULL,
  `created_at` timestamp NULL DEFAULT NULL,
  `updated_at` timestamp NULL DEFAULT NULL
) ENGINE=InnoDB DEFAULT CHARSET=utf8 COLLATE=utf8_unicode_ci;

-- --------------------------------------------------------

--
-- Table structure for table `workflow_close`
--

CREATE TABLE `workflow_close` (
  `id` int(10) UNSIGNED NOT NULL,
  `days` int(11) NOT NULL,
  `condition` int(11) NOT NULL,
  `send_email` int(11) NOT NULL,
  `status` int(11) NOT NULL,
  `created_at` timestamp NULL DEFAULT NULL,
  `updated_at` timestamp NULL DEFAULT NULL
) ENGINE=InnoDB DEFAULT CHARSET=utf8 COLLATE=utf8_unicode_ci;

--
-- Dumping data for table `workflow_close`
--

INSERT INTO `workflow_close` (`id`, `days`, `condition`, `send_email`, `status`, `created_at`, `updated_at`) VALUES
(1, 2, 1, 1, 3, '2016-12-13 03:19:14', '2016-12-13 03:19:14');

-- --------------------------------------------------------

--
-- Table structure for table `workflow_name`
--

CREATE TABLE `workflow_name` (
  `id` int(10) UNSIGNED NOT NULL,
  `name` varchar(255) COLLATE utf8_unicode_ci NOT NULL,
  `status` int(11) NOT NULL,
  `order` int(11) NOT NULL,
  `target` varchar(255) COLLATE utf8_unicode_ci NOT NULL,
  `internal_note` text COLLATE utf8_unicode_ci NOT NULL,
  `created_at` timestamp NULL DEFAULT NULL,
  `updated_at` timestamp NULL DEFAULT NULL
) ENGINE=InnoDB DEFAULT CHARSET=utf8 COLLATE=utf8_unicode_ci;

-- --------------------------------------------------------

--
-- Table structure for table `workflow_rules`
--

CREATE TABLE `workflow_rules` (
  `id` int(10) UNSIGNED NOT NULL,
  `workflow_id` int(10) UNSIGNED NOT NULL,
  `matching_criteria` varchar(255) COLLATE utf8_unicode_ci NOT NULL,
  `matching_scenario` varchar(255) COLLATE utf8_unicode_ci NOT NULL,
  `matching_relation` varchar(255) COLLATE utf8_unicode_ci NOT NULL,
  `matching_value` text COLLATE utf8_unicode_ci NOT NULL,
  `created_at` timestamp NULL DEFAULT NULL,
  `updated_at` timestamp NULL DEFAULT NULL
) ENGINE=InnoDB DEFAULT CHARSET=utf8 COLLATE=utf8_unicode_ci;

--
-- Indexes for dumped tables
--

--
-- Indexes for table `api_settings`
--
ALTER TABLE `api_settings`
  ADD PRIMARY KEY (`id`);

--
-- Indexes for table `banlist`
--
ALTER TABLE `banlist`
  ADD PRIMARY KEY (`id`);

--
-- Indexes for table `bar_notifications`
--
ALTER TABLE `bar_notifications`
  ADD PRIMARY KEY (`id`);

--
-- Indexes for table `canned_response`
--
ALTER TABLE `canned_response`
  ADD PRIMARY KEY (`id`),
  ADD KEY `user_id` (`user_id`);

--
-- Indexes for table `common_settings`
--
ALTER TABLE `common_settings`
  ADD PRIMARY KEY (`id`);

--
-- Indexes for table `conditions`
--
ALTER TABLE `conditions`
  ADD PRIMARY KEY (`id`);

--
-- Indexes for table `country_code`
--
ALTER TABLE `country_code`
  ADD PRIMARY KEY (`id`);

--
-- Indexes for table `custom_forms`
--
ALTER TABLE `custom_forms`
  ADD PRIMARY KEY (`id`);

--
-- Indexes for table `custom_form_fields`
--
ALTER TABLE `custom_form_fields`
  ADD PRIMARY KEY (`id`);

--
-- Indexes for table `date_format`
--
ALTER TABLE `date_format`
  ADD PRIMARY KEY (`id`);

--
-- Indexes for table `date_time_format`
--
ALTER TABLE `date_time_format`
  ADD PRIMARY KEY (`id`);

--
-- Indexes for table `department`
--
ALTER TABLE `department`
  ADD PRIMARY KEY (`id`),
  ADD KEY `sla` (`sla`),
  ADD KEY `manager_2` (`manager`);

--
-- Indexes for table `emails`
--
ALTER TABLE `emails`
  ADD PRIMARY KEY (`id`),
  ADD KEY `department` (`department`,`priority`,`help_topic`),
  ADD KEY `department_2` (`department`,`priority`,`help_topic`),
  ADD KEY `priority` (`priority`),
  ADD KEY `help_topic` (`help_topic`);

--
-- Indexes for table `failed_jobs`
--
ALTER TABLE `failed_jobs`
  ADD PRIMARY KEY (`id`);

--
-- Indexes for table `faveo_mails`
--
ALTER TABLE `faveo_mails`
  ADD PRIMARY KEY (`id`);

--
-- Indexes for table `faveo_queues`
--
ALTER TABLE `faveo_queues`
  ADD PRIMARY KEY (`id`);

--
-- Indexes for table `field_values`
--
ALTER TABLE `field_values`
  ADD PRIMARY KEY (`id`),
  ADD KEY `field_values_field_id_foreign` (`field_id`);

--
-- Indexes for table `groups`
--
ALTER TABLE `groups`
  ADD PRIMARY KEY (`id`);

--
-- Indexes for table `group_assign_department`
--
ALTER TABLE `group_assign_department`
  ADD PRIMARY KEY (`id`),
  ADD KEY `group_id` (`group_id`),
  ADD KEY `department_id` (`department_id`);

--
-- Indexes for table `help_topic`
--
ALTER TABLE `help_topic`
  ADD PRIMARY KEY (`id`),
  ADD KEY `custom_form` (`custom_form`),
  ADD KEY `department` (`department`),
  ADD KEY `ticket_status` (`ticket_status`),
  ADD KEY `priority` (`priority`),
  ADD KEY `sla_plan` (`sla_plan`),
  ADD KEY `auto_assign_2` (`auto_assign`);

--
-- Indexes for table `jobs`
--
ALTER TABLE `jobs`
  ADD PRIMARY KEY (`id`),
  ADD KEY `jobs_queue_reserved_reserved_at_index` (`queue`,`reserved`,`reserved_at`);

--
-- Indexes for table `kb_article`
--
ALTER TABLE `kb_article`
  ADD PRIMARY KEY (`id`);

--
-- Indexes for table `kb_article_relationship`
--
ALTER TABLE `kb_article_relationship`
  ADD PRIMARY KEY (`id`),
  ADD KEY `article_relationship_article_id_foreign` (`article_id`),
  ADD KEY `article_relationship_category_id_foreign` (`category_id`);

--
-- Indexes for table `kb_category`
--
ALTER TABLE `kb_category`
  ADD PRIMARY KEY (`id`);

--
-- Indexes for table `kb_comment`
--
ALTER TABLE `kb_comment`
  ADD PRIMARY KEY (`id`),
  ADD KEY `comment_article_id_foreign` (`article_id`);

--
-- Indexes for table `kb_pages`
--
ALTER TABLE `kb_pages`
  ADD PRIMARY KEY (`id`);

--
-- Indexes for table `kb_settings`
--
ALTER TABLE `kb_settings`
  ADD PRIMARY KEY (`id`);

--
-- Indexes for table `languages`
--
ALTER TABLE `languages`
  ADD PRIMARY KEY (`id`);

--
-- Indexes for table `login_attempts`
--
ALTER TABLE `login_attempts`
  ADD PRIMARY KEY (`id`);

--
-- Indexes for table `log_notification`
--
ALTER TABLE `log_notification`
  ADD PRIMARY KEY (`id`);

--
-- Indexes for table `mailbox_protocol`
--
ALTER TABLE `mailbox_protocol`
  ADD PRIMARY KEY (`id`);

--
-- Indexes for table `mail_services`
--
ALTER TABLE `mail_services`
  ADD PRIMARY KEY (`id`);

--
-- Indexes for table `migrations`
--
ALTER TABLE `migrations`
  ADD PRIMARY KEY (`id`);

--
-- Indexes for table `notifications`
--
ALTER TABLE `notifications`
  ADD PRIMARY KEY (`id`);

--
-- Indexes for table `notification_types`
--
ALTER TABLE `notification_types`
  ADD PRIMARY KEY (`id`);

--
-- Indexes for table `organization`
--
ALTER TABLE `organization`
  ADD PRIMARY KEY (`id`),
  ADD KEY `head` (`head`);

--
-- Indexes for table `password_resets`
--
ALTER TABLE `password_resets`
  ADD KEY `password_resets_email_index` (`email`),
  ADD KEY `password_resets_token_index` (`token`);

--
-- Indexes for table `plugins`
--
ALTER TABLE `plugins`
  ADD PRIMARY KEY (`id`);

--
-- Indexes for table `queue_services`
--
ALTER TABLE `queue_services`
  ADD PRIMARY KEY (`id`);

--
-- Indexes for table `ratings`
--
ALTER TABLE `ratings`
  ADD PRIMARY KEY (`id`);

--
-- Indexes for table `rating_ref`
--
ALTER TABLE `rating_ref`
  ADD PRIMARY KEY (`id`);

--
-- Indexes for table `settings_alert_notice`
--
ALTER TABLE `settings_alert_notice`
  ADD PRIMARY KEY (`id`);

--
-- Indexes for table `settings_auto_response`
--
ALTER TABLE `settings_auto_response`
  ADD PRIMARY KEY (`id`);

--
-- Indexes for table `settings_company`
--
ALTER TABLE `settings_company`
  ADD PRIMARY KEY (`id`);

--
-- Indexes for table `settings_email`
--
ALTER TABLE `settings_email`
  ADD PRIMARY KEY (`id`);

--
-- Indexes for table `settings_ratings`
--
ALTER TABLE `settings_ratings`
  ADD PRIMARY KEY (`id`),
  ADD UNIQUE KEY `settings_ratings_slug_unique` (`slug`);

--
-- Indexes for table `settings_security`
--
ALTER TABLE `settings_security`
  ADD PRIMARY KEY (`id`);

--
-- Indexes for table `settings_system`
--
ALTER TABLE `settings_system`
  ADD PRIMARY KEY (`id`),
  ADD KEY `time_farmat` (`time_farmat`),
  ADD KEY `date_format` (`date_format`),
  ADD KEY `date_time_format` (`date_time_format`),
  ADD KEY `time_zone` (`time_zone`);

--
-- Indexes for table `settings_ticket`
--
ALTER TABLE `settings_ticket`
  ADD PRIMARY KEY (`id`);

--
-- Indexes for table `sla_plan`
--
ALTER TABLE `sla_plan`
  ADD PRIMARY KEY (`id`);

--
-- Indexes for table `social_media`
--
ALTER TABLE `social_media`
  ADD PRIMARY KEY (`id`);

--
-- Indexes for table `teams`
--
ALTER TABLE `teams`
  ADD PRIMARY KEY (`id`),
  ADD KEY `team_lead` (`team_lead`);

--
-- Indexes for table `team_assign_agent`
--
ALTER TABLE `team_assign_agent`
  ADD PRIMARY KEY (`id`),
  ADD KEY `team_id` (`team_id`),
  ADD KEY `agent_id` (`agent_id`);

--
-- Indexes for table `template`
--
ALTER TABLE `template`
  ADD PRIMARY KEY (`id`);

--
-- Indexes for table `templates`
--
ALTER TABLE `templates`
  ADD PRIMARY KEY (`id`);

--
-- Indexes for table `template_sets`
--
ALTER TABLE `template_sets`
  ADD PRIMARY KEY (`id`);

--
-- Indexes for table `template_types`
--
ALTER TABLE `template_types`
  ADD PRIMARY KEY (`id`);

--
-- Indexes for table `tickets`
--
ALTER TABLE `tickets`
  ADD PRIMARY KEY (`id`),
  ADD KEY `user_id` (`user_id`),
  ADD KEY `dept_id` (`dept_id`),
  ADD KEY `team_id` (`team_id`),
  ADD KEY `priority_id` (`priority_id`),
  ADD KEY `sla` (`sla`),
  ADD KEY `help_topic_id` (`help_topic_id`),
  ADD KEY `status` (`status`),
  ADD KEY `assigned_to` (`assigned_to`),
  ADD KEY `source` (`source`);

--
-- Indexes for table `ticket_attachment`
--
ALTER TABLE `ticket_attachment`
  ADD PRIMARY KEY (`id`),
  ADD KEY `thread_id` (`thread_id`);

--
-- Indexes for table `ticket_collaborator`
--
ALTER TABLE `ticket_collaborator`
  ADD PRIMARY KEY (`id`),
  ADD KEY `ticket_id` (`ticket_id`),
  ADD KEY `user_id` (`user_id`);

--
-- Indexes for table `ticket_form_data`
--
ALTER TABLE `ticket_form_data`
  ADD PRIMARY KEY (`id`),
  ADD KEY `ticket_id` (`ticket_id`);

--
-- Indexes for table `ticket_priority`
--
ALTER TABLE `ticket_priority`
  ADD PRIMARY KEY (`priority_id`);

--
-- Indexes for table `ticket_source`
--
ALTER TABLE `ticket_source`
  ADD PRIMARY KEY (`id`);

--
-- Indexes for table `ticket_status`
--
ALTER TABLE `ticket_status`
  ADD PRIMARY KEY (`id`);

--
-- Indexes for table `ticket_thread`
--
ALTER TABLE `ticket_thread`
  ADD PRIMARY KEY (`id`),
  ADD KEY `ticket_id_2` (`ticket_id`),
  ADD KEY `user_id` (`user_id`),
  ADD KEY `source` (`source`);

--
-- Indexes for table `ticket_token`
--
ALTER TABLE `ticket_token`
  ADD PRIMARY KEY (`id`);

--
-- Indexes for table `timezone`
--
ALTER TABLE `timezone`
  ADD PRIMARY KEY (`id`);

--
-- Indexes for table `time_format`
--
ALTER TABLE `time_format`
  ADD PRIMARY KEY (`id`);

--
-- Indexes for table `users`
--
ALTER TABLE `users`
  ADD PRIMARY KEY (`id`),
  ADD UNIQUE KEY `users_email_unique` (`email`),
  ADD UNIQUE KEY `users_mobile_unique` (`mobile`),
  ADD KEY `assign_group_3` (`assign_group`),
  ADD KEY `primary_dpt_2` (`primary_dpt`);

--
-- Indexes for table `user_additional_infos`
--
ALTER TABLE `user_additional_infos`
  ADD PRIMARY KEY (`id`);

--
-- Indexes for table `user_assign_organization`
--
ALTER TABLE `user_assign_organization`
  ADD PRIMARY KEY (`id`),
  ADD KEY `org_id` (`org_id`),
  ADD KEY `user_id` (`user_id`);

--
-- Indexes for table `user_notification`
--
ALTER TABLE `user_notification`
  ADD PRIMARY KEY (`id`);

--
-- Indexes for table `version_check`
--
ALTER TABLE `version_check`
  ADD PRIMARY KEY (`id`);

--
-- Indexes for table `widgets`
--
ALTER TABLE `widgets`
  ADD PRIMARY KEY (`id`);

--
-- Indexes for table `workflow_action`
--
ALTER TABLE `workflow_action`
  ADD PRIMARY KEY (`id`),
  ADD KEY `workflow_action_1` (`workflow_id`);

--
-- Indexes for table `workflow_close`
--
ALTER TABLE `workflow_close`
  ADD PRIMARY KEY (`id`);

--
-- Indexes for table `workflow_name`
--
ALTER TABLE `workflow_name`
  ADD PRIMARY KEY (`id`);

--
-- Indexes for table `workflow_rules`
--
ALTER TABLE `workflow_rules`
  ADD PRIMARY KEY (`id`),
  ADD KEY `workflow_rules_1` (`workflow_id`);

--
-- AUTO_INCREMENT for dumped tables
--

--
-- AUTO_INCREMENT for table `api_settings`
--
ALTER TABLE `api_settings`
  MODIFY `id` int(10) UNSIGNED NOT NULL AUTO_INCREMENT;
--
-- AUTO_INCREMENT for table `banlist`
--
ALTER TABLE `banlist`
  MODIFY `id` int(10) UNSIGNED NOT NULL AUTO_INCREMENT;
--
-- AUTO_INCREMENT for table `bar_notifications`
--
ALTER TABLE `bar_notifications`
  MODIFY `id` int(10) UNSIGNED NOT NULL AUTO_INCREMENT, AUTO_INCREMENT=3;
--
-- AUTO_INCREMENT for table `canned_response`
--
ALTER TABLE `canned_response`
  MODIFY `id` int(10) UNSIGNED NOT NULL AUTO_INCREMENT;
--
-- AUTO_INCREMENT for table `common_settings`
--
ALTER TABLE `common_settings`
  MODIFY `id` int(10) UNSIGNED NOT NULL AUTO_INCREMENT, AUTO_INCREMENT=9;
--
-- AUTO_INCREMENT for table `conditions`
--
ALTER TABLE `conditions`
  MODIFY `id` int(10) UNSIGNED NOT NULL AUTO_INCREMENT;
--
-- AUTO_INCREMENT for table `country_code`
--
ALTER TABLE `country_code`
  MODIFY `id` int(10) UNSIGNED NOT NULL AUTO_INCREMENT, AUTO_INCREMENT=240;
--
-- AUTO_INCREMENT for table `custom_forms`
--
ALTER TABLE `custom_forms`
  MODIFY `id` int(10) UNSIGNED NOT NULL AUTO_INCREMENT;
--
-- AUTO_INCREMENT for table `custom_form_fields`
--
ALTER TABLE `custom_form_fields`
  MODIFY `id` int(10) UNSIGNED NOT NULL AUTO_INCREMENT;
--
-- AUTO_INCREMENT for table `date_format`
--
ALTER TABLE `date_format`
  MODIFY `id` int(10) UNSIGNED NOT NULL AUTO_INCREMENT, AUTO_INCREMENT=10;
--
-- AUTO_INCREMENT for table `date_time_format`
--
ALTER TABLE `date_time_format`
  MODIFY `id` int(10) UNSIGNED NOT NULL AUTO_INCREMENT, AUTO_INCREMENT=10;
--
-- AUTO_INCREMENT for table `department`
--
ALTER TABLE `department`
  MODIFY `id` int(10) UNSIGNED NOT NULL AUTO_INCREMENT, AUTO_INCREMENT=4;
--
-- AUTO_INCREMENT for table `emails`
--
ALTER TABLE `emails`
  MODIFY `id` int(10) UNSIGNED NOT NULL AUTO_INCREMENT;
--
-- AUTO_INCREMENT for table `failed_jobs`
--
ALTER TABLE `failed_jobs`
  MODIFY `id` int(10) UNSIGNED NOT NULL AUTO_INCREMENT;
--
-- AUTO_INCREMENT for table `faveo_mails`
--
ALTER TABLE `faveo_mails`
  MODIFY `id` int(10) UNSIGNED NOT NULL AUTO_INCREMENT;
--
-- AUTO_INCREMENT for table `faveo_queues`
--
ALTER TABLE `faveo_queues`
  MODIFY `id` int(10) UNSIGNED NOT NULL AUTO_INCREMENT;
--
-- AUTO_INCREMENT for table `field_values`
--
ALTER TABLE `field_values`
  MODIFY `id` int(10) UNSIGNED NOT NULL AUTO_INCREMENT;
--
-- AUTO_INCREMENT for table `groups`
--
ALTER TABLE `groups`
  MODIFY `id` int(10) UNSIGNED NOT NULL AUTO_INCREMENT, AUTO_INCREMENT=4;
--
-- AUTO_INCREMENT for table `group_assign_department`
--
ALTER TABLE `group_assign_department`
  MODIFY `id` int(10) UNSIGNED NOT NULL AUTO_INCREMENT;
--
-- AUTO_INCREMENT for table `help_topic`
--
ALTER TABLE `help_topic`
  MODIFY `id` int(10) UNSIGNED NOT NULL AUTO_INCREMENT, AUTO_INCREMENT=4;
--
-- AUTO_INCREMENT for table `jobs`
--
ALTER TABLE `jobs`
  MODIFY `id` bigint(20) UNSIGNED NOT NULL AUTO_INCREMENT;
--
-- AUTO_INCREMENT for table `kb_article`
--
ALTER TABLE `kb_article`
  MODIFY `id` int(10) UNSIGNED NOT NULL AUTO_INCREMENT, AUTO_INCREMENT=8;
--
-- AUTO_INCREMENT for table `kb_article_relationship`
--
ALTER TABLE `kb_article_relationship`
  MODIFY `id` int(10) UNSIGNED NOT NULL AUTO_INCREMENT, AUTO_INCREMENT=8;
--
-- AUTO_INCREMENT for table `kb_category`
--
ALTER TABLE `kb_category`
  MODIFY `id` int(10) UNSIGNED NOT NULL AUTO_INCREMENT, AUTO_INCREMENT=3;
--
-- AUTO_INCREMENT for table `kb_comment`
--
ALTER TABLE `kb_comment`
  MODIFY `id` int(10) UNSIGNED NOT NULL AUTO_INCREMENT;
--
-- AUTO_INCREMENT for table `kb_pages`
--
ALTER TABLE `kb_pages`
  MODIFY `id` int(10) UNSIGNED NOT NULL AUTO_INCREMENT;
--
-- AUTO_INCREMENT for table `kb_settings`
--
ALTER TABLE `kb_settings`
  MODIFY `id` int(10) UNSIGNED NOT NULL AUTO_INCREMENT, AUTO_INCREMENT=2;
--
-- AUTO_INCREMENT for table `languages`
--
ALTER TABLE `languages`
  MODIFY `id` int(10) UNSIGNED NOT NULL AUTO_INCREMENT, AUTO_INCREMENT=10;
--
-- AUTO_INCREMENT for table `login_attempts`
--
ALTER TABLE `login_attempts`
  MODIFY `id` int(10) UNSIGNED NOT NULL AUTO_INCREMENT, AUTO_INCREMENT=2;
--
-- AUTO_INCREMENT for table `log_notification`
--
ALTER TABLE `log_notification`
  MODIFY `id` int(10) UNSIGNED NOT NULL AUTO_INCREMENT, AUTO_INCREMENT=2;
--
-- AUTO_INCREMENT for table `mailbox_protocol`
--
ALTER TABLE `mailbox_protocol`
  MODIFY `id` int(10) UNSIGNED NOT NULL AUTO_INCREMENT, AUTO_INCREMENT=5;
--
-- AUTO_INCREMENT for table `mail_services`
--
ALTER TABLE `mail_services`
  MODIFY `id` int(10) UNSIGNED NOT NULL AUTO_INCREMENT, AUTO_INCREMENT=7;
--
-- AUTO_INCREMENT for table `migrations`
--
ALTER TABLE `migrations`
  MODIFY `id` int(11) NOT NULL AUTO_INCREMENT, AUTO_INCREMENT=99;
--
-- AUTO_INCREMENT for table `notifications`
--
ALTER TABLE `notifications`
  MODIFY `id` int(10) UNSIGNED NOT NULL AUTO_INCREMENT, AUTO_INCREMENT=8;
--
-- AUTO_INCREMENT for table `notification_types`
--
ALTER TABLE `notification_types`
  MODIFY `id` int(10) UNSIGNED NOT NULL AUTO_INCREMENT, AUTO_INCREMENT=4;
--
-- AUTO_INCREMENT for table `organization`
--
ALTER TABLE `organization`
  MODIFY `id` int(10) UNSIGNED NOT NULL AUTO_INCREMENT;
--
-- AUTO_INCREMENT for table `plugins`
--
ALTER TABLE `plugins`
  MODIFY `id` int(10) UNSIGNED NOT NULL AUTO_INCREMENT;
--
-- AUTO_INCREMENT for table `queue_services`
--
ALTER TABLE `queue_services`
  MODIFY `id` int(10) UNSIGNED NOT NULL AUTO_INCREMENT, AUTO_INCREMENT=7;
--
-- AUTO_INCREMENT for table `ratings`
--
ALTER TABLE `ratings`
  MODIFY `id` int(10) UNSIGNED NOT NULL AUTO_INCREMENT, AUTO_INCREMENT=3;
--
-- AUTO_INCREMENT for table `rating_ref`
--
ALTER TABLE `rating_ref`
  MODIFY `id` int(10) UNSIGNED NOT NULL AUTO_INCREMENT;
--
-- AUTO_INCREMENT for table `settings_alert_notice`
--
ALTER TABLE `settings_alert_notice`
  MODIFY `id` int(10) UNSIGNED NOT NULL AUTO_INCREMENT, AUTO_INCREMENT=2;
--
-- AUTO_INCREMENT for table `settings_auto_response`
--
ALTER TABLE `settings_auto_response`
  MODIFY `id` int(10) UNSIGNED NOT NULL AUTO_INCREMENT, AUTO_INCREMENT=2;
--
-- AUTO_INCREMENT for table `settings_company`
--
ALTER TABLE `settings_company`
  MODIFY `id` int(10) UNSIGNED NOT NULL AUTO_INCREMENT, AUTO_INCREMENT=2;
--
-- AUTO_INCREMENT for table `settings_email`
--
ALTER TABLE `settings_email`
  MODIFY `id` int(10) UNSIGNED NOT NULL AUTO_INCREMENT, AUTO_INCREMENT=2;
--
-- AUTO_INCREMENT for table `settings_ratings`
--
ALTER TABLE `settings_ratings`
  MODIFY `id` int(10) UNSIGNED NOT NULL AUTO_INCREMENT;
--
-- AUTO_INCREMENT for table `settings_security`
--
ALTER TABLE `settings_security`
  MODIFY `id` int(10) UNSIGNED NOT NULL AUTO_INCREMENT, AUTO_INCREMENT=2;
--
-- AUTO_INCREMENT for table `settings_system`
--
ALTER TABLE `settings_system`
  MODIFY `id` int(10) UNSIGNED NOT NULL AUTO_INCREMENT, AUTO_INCREMENT=4;
--
-- AUTO_INCREMENT for table `settings_ticket`
--
ALTER TABLE `settings_ticket`
  MODIFY `id` int(10) UNSIGNED NOT NULL AUTO_INCREMENT, AUTO_INCREMENT=2;
--
-- AUTO_INCREMENT for table `sla_plan`
--
ALTER TABLE `sla_plan`
  MODIFY `id` int(10) UNSIGNED NOT NULL AUTO_INCREMENT, AUTO_INCREMENT=4;
--
-- AUTO_INCREMENT for table `social_media`
--
ALTER TABLE `social_media`
  MODIFY `id` int(10) UNSIGNED NOT NULL AUTO_INCREMENT;
--
-- AUTO_INCREMENT for table `teams`
--
ALTER TABLE `teams`
  MODIFY `id` int(10) UNSIGNED NOT NULL AUTO_INCREMENT, AUTO_INCREMENT=4;
--
-- AUTO_INCREMENT for table `team_assign_agent`
--
ALTER TABLE `team_assign_agent`
  MODIFY `id` int(10) UNSIGNED NOT NULL AUTO_INCREMENT, AUTO_INCREMENT=3;
--
-- AUTO_INCREMENT for table `template`
--
ALTER TABLE `template`
  MODIFY `id` int(10) UNSIGNED NOT NULL AUTO_INCREMENT;
--
-- AUTO_INCREMENT for table `templates`
--
ALTER TABLE `templates`
  MODIFY `id` int(10) UNSIGNED NOT NULL AUTO_INCREMENT, AUTO_INCREMENT=15;
--
-- AUTO_INCREMENT for table `template_sets`
--
ALTER TABLE `template_sets`
  MODIFY `id` int(10) UNSIGNED NOT NULL AUTO_INCREMENT, AUTO_INCREMENT=2;
--
-- AUTO_INCREMENT for table `template_types`
--
ALTER TABLE `template_types`
  MODIFY `id` int(10) UNSIGNED NOT NULL AUTO_INCREMENT, AUTO_INCREMENT=15;
--
-- AUTO_INCREMENT for table `tickets`
--
ALTER TABLE `tickets`
  MODIFY `id` int(10) UNSIGNED NOT NULL AUTO_INCREMENT, AUTO_INCREMENT=7;
--
-- AUTO_INCREMENT for table `ticket_attachment`
--
ALTER TABLE `ticket_attachment`
  MODIFY `id` int(10) UNSIGNED NOT NULL AUTO_INCREMENT;
--
-- AUTO_INCREMENT for table `ticket_collaborator`
--
ALTER TABLE `ticket_collaborator`
  MODIFY `id` int(10) UNSIGNED NOT NULL AUTO_INCREMENT;
--
-- AUTO_INCREMENT for table `ticket_form_data`
--
ALTER TABLE `ticket_form_data`
  MODIFY `id` int(10) UNSIGNED NOT NULL AUTO_INCREMENT;
--
-- AUTO_INCREMENT for table `ticket_priority`
--
ALTER TABLE `ticket_priority`
  MODIFY `priority_id` int(10) UNSIGNED NOT NULL AUTO_INCREMENT, AUTO_INCREMENT=5;
--
-- AUTO_INCREMENT for table `ticket_source`
--
ALTER TABLE `ticket_source`
  MODIFY `id` int(10) UNSIGNED NOT NULL AUTO_INCREMENT, AUTO_INCREMENT=11;
--
-- AUTO_INCREMENT for table `ticket_status`
--
ALTER TABLE `ticket_status`
  MODIFY `id` int(10) UNSIGNED NOT NULL AUTO_INCREMENT, AUTO_INCREMENT=8;
--
-- AUTO_INCREMENT for table `ticket_thread`
--
ALTER TABLE `ticket_thread`
  MODIFY `id` int(10) UNSIGNED NOT NULL AUTO_INCREMENT, AUTO_INCREMENT=12;
--
-- AUTO_INCREMENT for table `ticket_token`
--
ALTER TABLE `ticket_token`
  MODIFY `id` int(10) UNSIGNED NOT NULL AUTO_INCREMENT;
--
-- AUTO_INCREMENT for table `timezone`
--
ALTER TABLE `timezone`
  MODIFY `id` int(10) UNSIGNED NOT NULL AUTO_INCREMENT, AUTO_INCREMENT=114;
--
-- AUTO_INCREMENT for table `time_format`
--
ALTER TABLE `time_format`
  MODIFY `id` int(10) UNSIGNED NOT NULL AUTO_INCREMENT, AUTO_INCREMENT=3;
--
-- AUTO_INCREMENT for table `users`
--
ALTER TABLE `users`
  MODIFY `id` int(10) UNSIGNED NOT NULL AUTO_INCREMENT, AUTO_INCREMENT=9;
--
-- AUTO_INCREMENT for table `user_additional_infos`
--
ALTER TABLE `user_additional_infos`
  MODIFY `id` int(10) UNSIGNED NOT NULL AUTO_INCREMENT;
--
-- AUTO_INCREMENT for table `user_assign_organization`
--
ALTER TABLE `user_assign_organization`
  MODIFY `id` int(10) UNSIGNED NOT NULL AUTO_INCREMENT;
--
-- AUTO_INCREMENT for table `user_notification`
--
ALTER TABLE `user_notification`
  MODIFY `id` int(10) UNSIGNED NOT NULL AUTO_INCREMENT, AUTO_INCREMENT=15;
--
-- AUTO_INCREMENT for table `version_check`
--
ALTER TABLE `version_check`
  MODIFY `id` int(10) UNSIGNED NOT NULL AUTO_INCREMENT, AUTO_INCREMENT=2;
--
-- AUTO_INCREMENT for table `widgets`
--
ALTER TABLE `widgets`
  MODIFY `id` int(11) NOT NULL AUTO_INCREMENT, AUTO_INCREMENT=21;
--
-- AUTO_INCREMENT for table `workflow_action`
--
ALTER TABLE `workflow_action`
  MODIFY `id` int(10) UNSIGNED NOT NULL AUTO_INCREMENT;
--
-- AUTO_INCREMENT for table `workflow_close`
--
ALTER TABLE `workflow_close`
  MODIFY `id` int(10) UNSIGNED NOT NULL AUTO_INCREMENT, AUTO_INCREMENT=2;
--
-- AUTO_INCREMENT for table `workflow_name`
--
ALTER TABLE `workflow_name`
  MODIFY `id` int(10) UNSIGNED NOT NULL AUTO_INCREMENT;
--
-- AUTO_INCREMENT for table `workflow_rules`
--
ALTER TABLE `workflow_rules`
  MODIFY `id` int(10) UNSIGNED NOT NULL AUTO_INCREMENT;
--
-- Constraints for dumped tables
--

--
-- Constraints for table `canned_response`
--
ALTER TABLE `canned_response`
  ADD CONSTRAINT `canned_response_ibfk_1` FOREIGN KEY (`user_id`) REFERENCES `users` (`id`) ON DELETE NO ACTION ON UPDATE NO ACTION;

--
-- Constraints for table `department`
--
ALTER TABLE `department`
  ADD CONSTRAINT `department_ibfk_1` FOREIGN KEY (`sla`) REFERENCES `sla_plan` (`id`) ON UPDATE NO ACTION,
  ADD CONSTRAINT `department_ibfk_2` FOREIGN KEY (`manager`) REFERENCES `users` (`id`) ON UPDATE NO ACTION;

--
-- Constraints for table `emails`
--
ALTER TABLE `emails`
  ADD CONSTRAINT `emails_ibfk_1` FOREIGN KEY (`department`) REFERENCES `department` (`id`) ON UPDATE NO ACTION,
  ADD CONSTRAINT `emails_ibfk_2` FOREIGN KEY (`priority`) REFERENCES `ticket_priority` (`priority_id`) ON UPDATE NO ACTION,
  ADD CONSTRAINT `emails_ibfk_3` FOREIGN KEY (`help_topic`) REFERENCES `help_topic` (`id`) ON UPDATE NO ACTION;

--
-- Constraints for table `field_values`
--
ALTER TABLE `field_values`
  ADD CONSTRAINT `field_values_field_id_foreign` FOREIGN KEY (`field_id`) REFERENCES `custom_form_fields` (`id`);

--
-- Constraints for table `group_assign_department`
--
ALTER TABLE `group_assign_department`
  ADD CONSTRAINT `group_assign_department_ibfk_1` FOREIGN KEY (`group_id`) REFERENCES `groups` (`id`) ON UPDATE NO ACTION,
  ADD CONSTRAINT `group_assign_department_ibfk_2` FOREIGN KEY (`department_id`) REFERENCES `department` (`id`) ON UPDATE NO ACTION;

--
-- Constraints for table `help_topic`
--
ALTER TABLE `help_topic`
  ADD CONSTRAINT `help_topic_ibfk_1` FOREIGN KEY (`custom_form`) REFERENCES `custom_forms` (`id`) ON UPDATE NO ACTION,
  ADD CONSTRAINT `help_topic_ibfk_2` FOREIGN KEY (`department`) REFERENCES `department` (`id`) ON UPDATE NO ACTION,
  ADD CONSTRAINT `help_topic_ibfk_3` FOREIGN KEY (`ticket_status`) REFERENCES `ticket_status` (`id`) ON UPDATE NO ACTION,
  ADD CONSTRAINT `help_topic_ibfk_4` FOREIGN KEY (`priority`) REFERENCES `ticket_priority` (`priority_id`) ON UPDATE NO ACTION,
  ADD CONSTRAINT `help_topic_ibfk_5` FOREIGN KEY (`sla_plan`) REFERENCES `sla_plan` (`id`),
  ADD CONSTRAINT `help_topic_ibfk_6` FOREIGN KEY (`auto_assign`) REFERENCES `users` (`id`) ON DELETE SET NULL;

--
-- Constraints for table `kb_article_relationship`
--
ALTER TABLE `kb_article_relationship`
  ADD CONSTRAINT `article_relationship_article_id_foreign` FOREIGN KEY (`article_id`) REFERENCES `kb_article` (`id`),
  ADD CONSTRAINT `article_relationship_category_id_foreign` FOREIGN KEY (`category_id`) REFERENCES `kb_category` (`id`);

--
-- Constraints for table `kb_comment`
--
ALTER TABLE `kb_comment`
  ADD CONSTRAINT `comment_article_id_foreign` FOREIGN KEY (`article_id`) REFERENCES `kb_article` (`id`);

--
-- Constraints for table `organization`
--
ALTER TABLE `organization`
  ADD CONSTRAINT `organization_ibfk_1` FOREIGN KEY (`head`) REFERENCES `users` (`id`) ON DELETE NO ACTION ON UPDATE NO ACTION;

--
-- Constraints for table `settings_system`
--
ALTER TABLE `settings_system`
  ADD CONSTRAINT `settings_system_ibfk_1` FOREIGN KEY (`time_zone`) REFERENCES `timezone` (`id`) ON UPDATE NO ACTION,
  ADD CONSTRAINT `settings_system_ibfk_2` FOREIGN KEY (`time_farmat`) REFERENCES `time_format` (`id`) ON UPDATE NO ACTION,
  ADD CONSTRAINT `settings_system_ibfk_3` FOREIGN KEY (`date_format`) REFERENCES `date_format` (`id`) ON UPDATE NO ACTION,
  ADD CONSTRAINT `settings_system_ibfk_4` FOREIGN KEY (`date_time_format`) REFERENCES `date_time_format` (`id`) ON UPDATE NO ACTION;

--
-- Constraints for table `teams`
--
ALTER TABLE `teams`
  ADD CONSTRAINT `teams_ibfk_1` FOREIGN KEY (`team_lead`) REFERENCES `users` (`id`) ON UPDATE NO ACTION;

--
-- Constraints for table `team_assign_agent`
--
ALTER TABLE `team_assign_agent`
  ADD CONSTRAINT `team_assign_agent_ibfk_1` FOREIGN KEY (`team_id`) REFERENCES `teams` (`id`) ON UPDATE NO ACTION,
  ADD CONSTRAINT `team_assign_agent_ibfk_2` FOREIGN KEY (`agent_id`) REFERENCES `users` (`id`) ON UPDATE NO ACTION;

--
-- Constraints for table `tickets`
--
ALTER TABLE `tickets`
  ADD CONSTRAINT `tickets_ibfk_1` FOREIGN KEY (`user_id`) REFERENCES `users` (`id`) ON UPDATE NO ACTION,
  ADD CONSTRAINT `tickets_ibfk_2` FOREIGN KEY (`dept_id`) REFERENCES `department` (`id`) ON UPDATE NO ACTION,
  ADD CONSTRAINT `tickets_ibfk_3` FOREIGN KEY (`team_id`) REFERENCES `teams` (`id`) ON UPDATE NO ACTION,
  ADD CONSTRAINT `tickets_ibfk_4` FOREIGN KEY (`priority_id`) REFERENCES `ticket_priority` (`priority_id`) ON UPDATE NO ACTION,
  ADD CONSTRAINT `tickets_ibfk_5` FOREIGN KEY (`sla`) REFERENCES `sla_plan` (`id`) ON UPDATE NO ACTION,
  ADD CONSTRAINT `tickets_ibfk_6` FOREIGN KEY (`help_topic_id`) REFERENCES `help_topic` (`id`) ON UPDATE NO ACTION,
  ADD CONSTRAINT `tickets_ibfk_7` FOREIGN KEY (`status`) REFERENCES `ticket_status` (`id`) ON UPDATE NO ACTION,
  ADD CONSTRAINT `tickets_ibfk_8` FOREIGN KEY (`source`) REFERENCES `ticket_source` (`id`) ON UPDATE NO ACTION,
  ADD CONSTRAINT `tickets_ibfk_9` FOREIGN KEY (`assigned_to`) REFERENCES `users` (`id`) ON UPDATE NO ACTION;

--
-- Constraints for table `ticket_attachment`
--
ALTER TABLE `ticket_attachment`
  ADD CONSTRAINT `ticket_attachment_ibfk_1` FOREIGN KEY (`thread_id`) REFERENCES `ticket_thread` (`id`) ON UPDATE NO ACTION;

--
-- Constraints for table `ticket_collaborator`
--
ALTER TABLE `ticket_collaborator`
  ADD CONSTRAINT `ticket_collaborator_ibfk_1` FOREIGN KEY (`ticket_id`) REFERENCES `tickets` (`id`) ON UPDATE NO ACTION,
  ADD CONSTRAINT `ticket_collaborator_ibfk_2` FOREIGN KEY (`user_id`) REFERENCES `users` (`id`) ON UPDATE NO ACTION;

--
-- Constraints for table `ticket_form_data`
--
ALTER TABLE `ticket_form_data`
  ADD CONSTRAINT `ticket_form_data_ibfk_1` FOREIGN KEY (`ticket_id`) REFERENCES `tickets` (`id`) ON UPDATE NO ACTION;

--
-- Constraints for table `ticket_thread`
--
ALTER TABLE `ticket_thread`
  ADD CONSTRAINT `ticket_thread_ibfk_1` FOREIGN KEY (`ticket_id`) REFERENCES `tickets` (`id`) ON UPDATE NO ACTION,
  ADD CONSTRAINT `ticket_thread_ibfk_2` FOREIGN KEY (`user_id`) REFERENCES `users` (`id`) ON UPDATE NO ACTION,
  ADD CONSTRAINT `ticket_thread_ibfk_3` FOREIGN KEY (`source`) REFERENCES `ticket_source` (`id`) ON UPDATE NO ACTION;

--
-- Constraints for table `users`
--
ALTER TABLE `users`
  ADD CONSTRAINT `users_ibfk_1` FOREIGN KEY (`assign_group`) REFERENCES `groups` (`id`) ON UPDATE NO ACTION,
  ADD CONSTRAINT `users_ibfk_2` FOREIGN KEY (`primary_dpt`) REFERENCES `department` (`id`) ON UPDATE NO ACTION;

--
-- Constraints for table `user_assign_organization`
--
ALTER TABLE `user_assign_organization`
  ADD CONSTRAINT `user_assign_organization_ibfk_1` FOREIGN KEY (`org_id`) REFERENCES `organization` (`id`) ON UPDATE NO ACTION,
  ADD CONSTRAINT `user_assign_organization_ibfk_2` FOREIGN KEY (`user_id`) REFERENCES `users` (`id`) ON UPDATE NO ACTION;

--
-- Constraints for table `workflow_action`
--
ALTER TABLE `workflow_action`
  ADD CONSTRAINT `workflow_action_1` FOREIGN KEY (`workflow_id`) REFERENCES `workflow_name` (`id`) ON UPDATE NO ACTION;

--
-- Constraints for table `workflow_rules`
--
ALTER TABLE `workflow_rules`
  ADD CONSTRAINT `workflow_rules_1` FOREIGN KEY (`workflow_id`) REFERENCES `workflow_name` (`id`) ON UPDATE NO ACTION;

/*!40101 SET CHARACTER_SET_CLIENT=@OLD_CHARACTER_SET_CLIENT */;
/*!40101 SET CHARACTER_SET_RESULTS=@OLD_CHARACTER_SET_RESULTS */;
/*!40101 SET COLLATION_CONNECTION=@OLD_COLLATION_CONNECTION */;
